R_mean,G_mean,B_mean,label
102.89306640625,102.89306640625,102.89306640625,cloudy
142.3427734375,157.96533203125,184.03857421875,cloudy
141.16064453125,141.318603515625,129.42236328125,cloudy
139.80419921875,143.58251953125,159.240234375,cloudy
125.9130859375,137.329345703125,159.14208984375,cloudy
112.437744140625,125.982421875,143.984130859375,cloudy
93.63037109375,111.12890625,139.720703125,cloudy
106.999267578125,114.695556640625,128.345458984375,cloudy
103.243896484375,110.221923828125,128.232177734375,cloudy
97.1416015625,124.775146484375,159.511474609375,cloudy
157.01611328125,164.226318359375,193.85498046875,cloudy
132.015869140625,169.259521484375,204.396728515625,cloudy
136.0087890625,141.086669921875,145.951416015625,cloudy
127.441162109375,155.412841796875,184.5810546875,cloudy
94.831298828125,137.396728515625,190.762451171875,cloudy
160.120849609375,182.744873046875,207.51220703125,cloudy
98.280517578125,144.424072265625,193.405029296875,cloudy
121.44140625,145.65625,177.076904296875,cloudy
95.406005859375,97.038330078125,111.3359375,cloudy
101.862060546875,125.974609375,156.0048828125,cloudy
77.571533203125,112.285888671875,131.36328125,cloudy
99.142578125,140.534912109375,154.699951171875,cloudy
70.002685546875,97.307373046875,120.250732421875,cloudy
103.288818359375,100.85498046875,114.672607421875,cloudy
68.885986328125,115.07861328125,138.040283203125,cloudy
86.283447265625,125.3115234375,164.828369140625,cloudy
97.40478515625,122.292724609375,141.4794921875,cloudy
128.266357421875,148.615234375,185.1064453125,cloudy
87.786376953125,125.8916015625,165.068115234375,cloudy
146.7138671875,162.0830078125,189.926513671875,cloudy
152.582763671875,183.12158203125,229.217529296875,cloudy
137.266357421875,180.564208984375,231.382080078125,cloudy
121.306884765625,152.375732421875,209.440673828125,cloudy
146.860107421875,156.267578125,159.18896484375,cloudy
114.320068359375,122.2314453125,129.62109375,cloudy
170.914794921875,178.698486328125,188.5400390625,cloudy
144.447265625,156.730224609375,164.2822265625,cloudy
133.401611328125,152.751953125,153.708740234375,cloudy
121.65234375,128.00439453125,128.48681640625,cloudy
140.9892578125,141.15673828125,129.091552734375,cloudy
139.692626953125,143.450439453125,158.91796875,cloudy
76.467529296875,81.760009765625,85.88818359375,cloudy
40.54931640625,48.273681640625,59.534912109375,cloudy
49.43212890625,53.73876953125,59.158447265625,cloudy
61.13037109375,62.012939453125,63.78564453125,cloudy
98.41162109375,106.812255859375,115.089111328125,cloudy
68.41650390625,73.869384765625,73.66162109375,cloudy
116.56005859375,130.463134765625,150.61376953125,cloudy
110.921875,110.958251953125,118.740966796875,cloudy
83.6220703125,91.34521484375,96.631103515625,cloudy
107.089599609375,110.864990234375,127.771240234375,cloudy
128.2275390625,140.02783203125,139.87353515625,cloudy
125.9130859375,137.329345703125,159.14208984375,cloudy
117.092041015625,125.98828125,142.837646484375,cloudy
93.526123046875,111.129638671875,139.655517578125,cloudy
106.90966796875,114.784912109375,128.22998046875,cloudy
118.322021484375,133.74951171875,146.16552734375,cloudy
103.335205078125,110.293701171875,128.18603515625,cloudy
97.142578125,124.79931640625,159.543212890625,cloudy
134.761474609375,149.22705078125,146.62158203125,cloudy
113.964599609375,130.67822265625,124.388671875,cloudy
120.33349609375,131.87646484375,134.738037109375,cloudy
151.269775390625,152.225830078125,158.892578125,cloudy
132.75,136.954833984375,138.231201171875,cloudy
150.3193359375,153.607177734375,153.7744140625,cloudy
110.98974609375,119.1640625,124.603271484375,cloudy
138.6328125,138.984619140625,140.1064453125,cloudy
112.877197265625,122.751708984375,139.26318359375,cloudy
105.796142578125,106.7177734375,108.86572265625,cloudy
133.00341796875,140.324951171875,144.3515625,cloudy
58.068115234375,62.399169921875,76.714111328125,cloudy
122.607421875,129.99267578125,138.78759765625,cloudy
111.168212890625,123.625244140625,123.59033203125,cloudy
131.2568359375,136.009765625,141.412841796875,cloudy
98.35693359375,77.416015625,43.503173828125,cloudy
73.104248046875,93.462646484375,113.086669921875,cloudy
87.087646484375,91.32421875,96.521484375,cloudy
110.966064453125,108.243408203125,114.441162109375,cloudy
130.7236328125,141.12841796875,150.0302734375,cloudy
66.218994140625,73.341552734375,97.282470703125,cloudy
124.83740234375,128.674560546875,128.0771484375,cloudy
112.135498046875,114.810302734375,125.6640625,cloudy
137.6962890625,156.4111328125,155.525146484375,cloudy
101.7216796875,118.3896484375,112.86572265625,cloudy
174.4072265625,184.82421875,188.9619140625,cloudy
110.622802734375,101.6005859375,113.6630859375,cloudy
97.065673828125,97.065673828125,97.065673828125,cloudy
111.6142578125,116.790771484375,122.160400390625,cloudy
113.213134765625,121.163818359375,128.603515625,cloudy
119.114990234375,125.106689453125,132.870361328125,cloudy
105.030029296875,109.549560546875,116.32275390625,cloudy
74.19775390625,76.473388671875,73.82763671875,cloudy
110.0869140625,114.62451171875,123.199462890625,cloudy
101.839599609375,106.8388671875,106.8291015625,cloudy
145.281005859375,146.41748046875,153.44189453125,cloudy
78.540283203125,89.71044921875,86.9560546875,cloudy
101.878662109375,106.871337890625,107.425048828125,cloudy
77.50830078125,89.728515625,85.325439453125,cloudy
132.9736328125,140.472412109375,135.395263671875,cloudy
64.603515625,77.200927734375,48.02001953125,cloudy
118.899658203125,128.2734375,145.277587890625,cloudy
111.07568359375,110.284912109375,114.131103515625,cloudy
133.92431640625,129.235595703125,119.824951171875,cloudy
138.238525390625,138.238525390625,138.238525390625,cloudy
91.8193359375,90.236083984375,73.690185546875,cloudy
129.869140625,117.717041015625,90.249267578125,cloudy
108.353271484375,108.514404296875,109.478515625,cloudy
118.970947265625,120.7880859375,125.309326171875,cloudy
134.238037109375,135.401611328125,133.760498046875,cloudy
106.564697265625,108.21923828125,109.24658203125,cloudy
72.352783203125,72.352783203125,72.352783203125,cloudy
124.785400390625,133.943603515625,145.873046875,cloudy
95.038330078125,104.321533203125,117.2822265625,cloudy
77.53125,79.658935546875,69.06982421875,cloudy
139.6357421875,143.416259765625,143.536865234375,cloudy
111.01318359375,110.120849609375,114.08984375,cloudy
77.8603515625,79.581298828125,69.52392578125,cloudy
81.256591796875,91.448974609375,101.710205078125,cloudy
135.163818359375,149.704833984375,147.09228515625,cloudy
115.221923828125,121.122314453125,122.847412109375,cloudy
91.041259765625,94.301025390625,96.103271484375,cloudy
81.601318359375,91.46728515625,102.113525390625,cloudy
103.923583984375,128.7900390625,155.980224609375,cloudy
148.142333984375,150.132568359375,155.121337890625,cloudy
75.4287109375,80.788818359375,88.07275390625,cloudy
101.45751953125,101.45751953125,101.45751953125,cloudy
141.4033203125,138.593505859375,135.311279296875,cloudy
105.94921875,135.505615234375,175.240478515625,cloudy
114.312744140625,129.4580078125,125.491943359375,cloudy
143.40380859375,183.296875,216.64013671875,cloudy
102.671875,120.933837890625,150.83154296875,cloudy
112.446533203125,108.901611328125,104.395263671875,cloudy
101.648681640625,101.648681640625,101.648681640625,cloudy
107.269775390625,109.809326171875,128.115234375,cloudy
114.007080078125,118.22705078125,121.607666015625,cloudy
143.258056640625,147.391845703125,141.7802734375,cloudy
111.407958984375,111.407958984375,111.407958984375,cloudy
114.146484375,123.086181640625,120.00048828125,cloudy
102.04443359375,102.46240234375,104.298828125,cloudy
114.89697265625,118.891357421875,128.705322265625,cloudy
102.70947265625,154.590087890625,234.694091796875,cloudy
111.27587890625,115.52001953125,118.16748046875,cloudy
130.642822265625,130.083740234375,121.25341796875,cloudy
144.619384765625,145.7861328125,144.826416015625,cloudy
114.9111328125,120.91064453125,122.42529296875,cloudy
119.38818359375,141.429931640625,167.0126953125,cloudy
171.78173828125,171.06982421875,169.411376953125,cloudy
96.3798828125,98.619140625,97.2802734375,cloudy
122.472412109375,126.132568359375,134.7587890625,cloudy
115.740478515625,124.531005859375,141.36376953125,cloudy
136.168212890625,136.05615234375,140.393798828125,cloudy
115.522705078125,114.822021484375,113.786376953125,cloudy
108.129638671875,109.659423828125,111.24658203125,cloudy
137.397216796875,143.77001953125,127.5283203125,cloudy
113.065185546875,114.134521484375,115.196533203125,cloudy
92.369384765625,96.448486328125,95.85205078125,cloudy
127.441162109375,155.412841796875,184.5810546875,cloudy
106.65087890625,106.65087890625,106.65087890625,cloudy
112.2607421875,115.942626953125,110.188720703125,cloudy
146.87353515625,147.743896484375,149.9033203125,cloudy
116.776611328125,122.269775390625,131.671142578125,cloudy
101.99072265625,99.490966796875,113.22021484375,cloudy
116.876220703125,116.876220703125,116.876220703125,cloudy
89.7080078125,102.057373046875,123.576171875,cloudy
115.67578125,119.161865234375,115.123291015625,cloudy
93.3623046875,107.965087890625,96.111572265625,cloudy
150.416259765625,151.1982421875,157.62451171875,cloudy
112.607177734375,134.114501953125,157.94189453125,cloudy
134.6865234375,139.42724609375,144.639892578125,cloudy
94.53173828125,99.608154296875,86.44287109375,cloudy
93.971923828125,100.8876953125,131.546875,cloudy
155.7119140625,153.501708984375,151.248291015625,cloudy
94.87060546875,101.999755859375,122.288818359375,cloudy
97.304931640625,99.118896484375,108.9306640625,cloudy
72.28125,81.751953125,101.3671875,cloudy
136.963623046875,145.353515625,151.699462890625,cloudy
78.533203125,88.09814453125,92.9365234375,cloudy
83.67431640625,131.37939453125,138.142822265625,cloudy
151.077880859375,166.245849609375,193.912841796875,cloudy
130.941162109375,133.723876953125,139.128662109375,cloudy
125.15087890625,131.23486328125,129.579833984375,cloudy
92.146240234375,83.669677734375,107.27880859375,cloudy
109.952880859375,116.727783203125,109.080322265625,cloudy
87.613525390625,90.194091796875,87.531982421875,cloudy
109.526123046875,119.34423828125,111.071044921875,cloudy
109.009033203125,111.5224609375,121.64208984375,cloudy
107.171142578125,108.73876953125,104.926513671875,cloudy
143.170654296875,143.170654296875,143.170654296875,cloudy
109.7802734375,117.56982421875,123.518798828125,cloudy
108.4951171875,107.004150390625,102.377685546875,cloudy
92.26513671875,100.845703125,103.70361328125,cloudy
106.59375,106.59375,106.59375,cloudy
130.57373046875,128.02978515625,133.069091796875,cloudy
123.193115234375,128.68701171875,136.84814453125,cloudy
134.552734375,137.91162109375,131.17431640625,cloudy
117.52392578125,112.960205078125,104.9580078125,cloudy
64.993408203125,66.144775390625,70.609130859375,cloudy
103.74609375,114.801025390625,99.976806640625,cloudy
113.94384765625,120.99365234375,134.08740234375,cloudy
115.094970703125,126.083740234375,134.402587890625,cloudy
89.763916015625,90.607177734375,86.04296875,cloudy
135.374755859375,130.745849609375,127.00537109375,cloudy
113.9072265625,120.396240234375,122.527099609375,cloudy
130.708740234375,138.42333984375,142.24072265625,cloudy
106.25341796875,112.48828125,115.706787109375,cloudy
131.230224609375,132.751953125,124.99365234375,cloudy
73.9912109375,85.184814453125,91.253173828125,cloudy
116.935546875,118.984375,113.0615234375,cloudy
146.062255859375,161.236572265625,158.972412109375,cloudy
189.69677734375,190.489501953125,190.693603515625,cloudy
161.164794921875,134.572998046875,118.211669921875,cloudy
87.5068359375,83.537841796875,83.482421875,cloudy
187.45751953125,190.158203125,192.296142578125,cloudy
145.763671875,130.56396484375,139.105224609375,cloudy
111.937255859375,111.937255859375,111.937255859375,cloudy
161.572509765625,161.572509765625,161.572509765625,cloudy
57.97998046875,60.306884765625,64.844970703125,cloudy
110.653564453125,117.927001953125,126.96484375,cloudy
104.55908203125,108.891357421875,96.419189453125,cloudy
64.8291015625,76.913330078125,76.48193359375,cloudy
86.365966796875,87.81884765625,87.0009765625,cloudy
130.30859375,129.157958984375,139.642333984375,cloudy
95.406005859375,97.038330078125,111.3359375,cloudy
112.039306640625,116.595458984375,119.216064453125,cloudy
160.123291015625,171.802001953125,189.208251953125,cloudy
129.023681640625,136.510009765625,140.95849609375,cloudy
137.18994140625,142.755615234375,148.705322265625,cloudy
110.98974609375,119.1640625,124.603271484375,cloudy
112.039306640625,116.595458984375,119.216064453125,cloudy
119.997802734375,122.160400390625,126.371337890625,cloudy
133.29638671875,128.08935546875,133.513427734375,cloudy
59.238525390625,65.478271484375,73.11376953125,cloudy
89.763916015625,90.607177734375,86.04296875,cloudy
108.4951171875,107.004150390625,102.377685546875,cloudy
148.1787109375,148.911865234375,151.248291015625,cloudy
99.905517578125,102.92333984375,111.322509765625,cloudy
106.349365234375,119.264892578125,135.02880859375,cloudy
97.94482421875,104.80419921875,122.709716796875,cloudy
88.57373046875,88.0244140625,95.91357421875,cloudy
82.803466796875,82.684814453125,82.1708984375,cloudy
113.51220703125,122.07275390625,140.93603515625,cloudy
133.7841796875,148.85888671875,155.64208984375,cloudy
71.384033203125,76.56982421875,81.654541015625,cloudy
112.759033203125,115.917236328125,119.65869140625,cloudy
77.221435546875,75.636474609375,73.51025390625,cloudy
118.3720703125,129.453857421875,132.769287109375,cloudy
69.530517578125,79.48095703125,90.302734375,cloudy
48.510498046875,48.061767578125,49.242431640625,cloudy
64.262451171875,80.47216796875,92.6416015625,cloudy
51.99560546875,56.09912109375,60.614013671875,cloudy
105.2490234375,103.5634765625,103.709228515625,cloudy
102.783935546875,102.783935546875,102.783935546875,cloudy
119.90966796875,119.90966796875,119.90966796875,cloudy
99.91845703125,99.91845703125,99.91845703125,cloudy
89.8681640625,89.8681640625,89.8681640625,cloudy
130.137451171875,130.137451171875,130.137451171875,cloudy
103.57275390625,104.351318359375,100.930908203125,cloudy
112.897216796875,115.0693359375,121.09765625,cloudy
112.664794921875,112.664794921875,112.664794921875,cloudy
21.822998046875,33.720947265625,50.42333984375,cloudy
52.56494140625,73.306884765625,97.345947265625,cloudy
45.2294921875,44.88134765625,45.996337890625,cloudy
72.110595703125,79.38330078125,82.8291015625,cloudy
43.73876953125,43.73876953125,43.73876953125,cloudy
68.990478515625,68.990478515625,68.990478515625,cloudy
83.616943359375,83.616943359375,83.616943359375,cloudy
59.393798828125,59.393798828125,59.393798828125,cloudy
112.31689453125,109.441650390625,104.522705078125,cloudy
67.343017578125,67.343017578125,67.343017578125,cloudy
51.611328125,51.611328125,51.611328125,cloudy
121.308837890625,127.586669921875,128.898681640625,cloudy
133.2275390625,137.88232421875,145.35546875,cloudy
77.792236328125,79.60205078125,84.646484375,cloudy
85.361328125,87.025390625,88.63427734375,cloudy
96.927001953125,101.616943359375,110.408935546875,cloudy
74.27392578125,75.187744140625,74.731201171875,cloudy
91.76318359375,104.7939453125,110.069091796875,cloudy
91.17236328125,85.603271484375,79.36865234375,cloudy
105.134765625,106.47314453125,126.14794921875,cloudy
140.71826171875,143.460205078125,149.9228515625,cloudy
107.894287109375,120.615478515625,128.593505859375,cloudy
100.470458984375,103.41650390625,107.140869140625,cloudy
113.492431640625,129.814697265625,148.883544921875,cloudy
112.555419921875,134.23876953125,158.731201171875,cloudy
127.669189453125,135.998046875,145.873291015625,cloudy
132.13623046875,143.948974609375,156.50439453125,cloudy
104.666259765625,113.188720703125,127.319091796875,cloudy
128.239013671875,137.212646484375,150.752685546875,cloudy
130.804931640625,141.173828125,149.899169921875,cloudy
109.169921875,111.20458984375,121.77978515625,cloudy
118.287353515625,128.21142578125,135.81396484375,cloudy
83.896240234375,98.1044921875,132.530029296875,cloudy
111.964111328125,148.589599609375,179.387939453125,cloudy
64.31640625,87.0634765625,103.663330078125,cloudy
103.2705078125,116.8515625,117.40087890625,cloudy
146.860107421875,156.267578125,159.18896484375,cloudy
170.982666015625,178.730224609375,188.490966796875,cloudy
144.62451171875,156.7783203125,164.453125,cloudy
133.4501953125,152.777099609375,153.905029296875,cloudy
121.65234375,128.00439453125,128.48681640625,cloudy
120.865234375,121.08837890625,114.479736328125,rain
98.259765625,98.07470703125,97.739990234375,rain
90.005126953125,88.761474609375,87.79541015625,rain
111.269775390625,160.664306640625,175.56298828125,rain
98.634033203125,133.15234375,139.31884765625,rain
106.978515625,138.5947265625,121.382568359375,rain
149.233154296875,144.660888671875,142.029052734375,rain
178.005859375,172.331787109375,171.12548828125,rain
134.4833984375,134.123046875,130.376953125,rain
108.414794921875,111.601806640625,107.299560546875,rain
118.6767578125,115.544189453125,118.52392578125,rain
100.865966796875,98.314208984375,96.332275390625,rain
105.438720703125,106.0810546875,104.82080078125,rain
81.421630859375,79.482421875,78.61767578125,rain
110.9501953125,110.05224609375,109.401611328125,rain
111.599609375,107.0673828125,109.226318359375,rain
150.255126953125,144.498291015625,144.6142578125,rain
147.102294921875,146.448974609375,145.48876953125,rain
196.39599609375,196.587158203125,199.197265625,rain
132.671142578125,130.795166015625,132.74755859375,rain
104.56982421875,104.04150390625,101.50244140625,rain
182.28515625,179.935791015625,178.29541015625,rain
114.385009765625,110.914794921875,113.900146484375,rain
106.65234375,106.54541015625,107.471435546875,rain
141.879638671875,138.762451171875,137.7568359375,rain
145.268798828125,137.011474609375,135.07568359375,rain
118.6767578125,115.544189453125,118.52392578125,rain
95.65087890625,89.022705078125,83.074951171875,rain
188.434814453125,180.251220703125,174.7900390625,rain
194.31982421875,188.541259765625,186.6591796875,rain
146.51708984375,143.479736328125,145.070068359375,rain
164.898681640625,165.480224609375,164.499755859375,rain
75.771240234375,79.982177734375,74.480712890625,rain
65.12353515625,61.334228515625,57.439697265625,rain
112.82275390625,113.4892578125,114.169921875,rain
78.3662109375,77.63232421875,77.52392578125,rain
86.62841796875,77.925537109375,72.17236328125,rain
81.322265625,88.26123046875,91.437744140625,rain
72.328125,70.442138671875,69.72314453125,rain
87.204833984375,85.7998046875,80.58447265625,rain
85.46484375,85.30712890625,80.932373046875,rain
151.333251953125,152.019287109375,150.789306640625,rain
109.97265625,109.588134765625,110.5751953125,rain
126.294189453125,132.169677734375,123.750732421875,rain
113.93994140625,118.4267578125,104.860595703125,rain
123.925048828125,137.927734375,146.822998046875,rain
126.9560546875,135.2734375,125.18017578125,rain
115.70849609375,134.52490234375,124.479736328125,rain
158.282958984375,148.730224609375,127.092041015625,rain
141.809814453125,147.820068359375,136.578369140625,rain
121.835693359375,129.447509765625,117.578857421875,rain
157.885009765625,163.302734375,168.156982421875,rain
151.875732421875,152.552001953125,151.724609375,rain
106.378662109375,111.96533203125,101.161376953125,rain
151.728759765625,151.787841796875,144.15673828125,rain
114.606689453125,116.63525390625,110.21630859375,rain
85.93798828125,97.16162109375,102.427734375,rain
99.32275390625,103.3349609375,90.626953125,rain
101.329833984375,113.634521484375,106.36328125,rain
127.673583984375,135.775146484375,125.589599609375,rain
151.875732421875,152.552001953125,151.724609375,rain
105.773681640625,106.676513671875,103.501708984375,rain
32.012939453125,47.3486328125,54.4970703125,rain
135.954833984375,138.685546875,131.725830078125,rain
53.5654296875,57.708984375,62.71044921875,rain
97.70556640625,116.7021484375,134.48193359375,rain
147.76025390625,148.3203125,144.816162109375,rain
137.9189453125,140.377685546875,139.623291015625,rain
142.593017578125,142.645751953125,139.211181640625,rain
109.9716796875,109.9716796875,109.9716796875,rain
95.43115234375,95.43115234375,95.43115234375,rain
143.09619140625,150.6796875,150.91357421875,rain
148.626953125,149.05126953125,150.281494140625,rain
156.832763671875,155.48681640625,156.81640625,rain
126.594482421875,129.17138671875,125.557861328125,rain
125.527099609375,125.281982421875,130.107421875,rain
148.09228515625,151.823974609375,164.029052734375,rain
142.707275390625,150.274169921875,150.576416015625,rain
100.432373046875,102.21630859375,101.3359375,rain
105.53369140625,110.8154296875,119.1953125,rain
103.591064453125,104.025390625,104.906494140625,rain
81.86962890625,79.993408203125,80.838623046875,rain
118.484375,123.160400390625,136.4482421875,rain
99.217529296875,105.137939453125,88.920166015625,rain
89.907470703125,105.275634765625,85.640380859375,rain
105.380859375,114.228515625,123.337158203125,rain
133.903564453125,139.035400390625,153.359375,rain
144.3671875,136.54931640625,137.965087890625,rain
159.8486328125,154.7861328125,159.94384765625,rain
139.573974609375,146.308837890625,146.0,rain
122.355224609375,130.155029296875,94.7998046875,rain
161.021240234375,160.726318359375,155.9462890625,rain
147.3779296875,147.482421875,140.360595703125,rain
116.50439453125,120.2177734375,138.23779296875,rain
103.6953125,140.36279296875,142.022705078125,rain
123.452392578125,127.269287109375,119.1806640625,rain
143.8125,139.55859375,123.15185546875,rain
88.05029296875,100.5986328125,93.111572265625,rain
107.725341796875,95.61181640625,79.469482421875,rain
104.150390625,95.34912109375,84.943603515625,rain
145.3427734375,149.284423828125,152.309814453125,rain
116.549560546875,114.599609375,84.54443359375,rain
139.327392578125,151.6787109375,134.01806640625,rain
132.5869140625,128.84423828125,114.477294921875,rain
119.100341796875,114.0087890625,85.714111328125,rain
76.79833984375,84.72802734375,77.73779296875,rain
122.2900390625,124.3056640625,120.936279296875,rain
155.15771484375,152.317138671875,159.3095703125,rain
112.1591796875,114.0224609375,120.595703125,rain
142.55322265625,142.39990234375,146.46533203125,rain
137.292724609375,137.193359375,135.605224609375,rain
79.99853515625,66.82666015625,69.36767578125,rain
153.79345703125,150.0693359375,152.645263671875,rain
187.660888671875,186.515869140625,178.272705078125,rain
88.10986328125,87.78662109375,89.255126953125,rain
94.341064453125,96.546142578125,95.78515625,rain
103.595703125,103.421142578125,102.964599609375,rain
107.465087890625,113.699462890625,115.119140625,rain
120.798095703125,121.85009765625,119.714599609375,rain
123.657958984375,117.2412109375,118.17626953125,rain
89.402099609375,90.388427734375,90.245361328125,rain
154.5966796875,152.733154296875,153.484619140625,rain
113.87158203125,127.953857421875,101.925537109375,rain
116.788330078125,117.085693359375,117.59228515625,rain
123.916259765625,132.930908203125,118.7109375,rain
112.39453125,129.907470703125,110.925048828125,rain
125.781005859375,127.10498046875,117.375,rain
96.405517578125,107.8662109375,125.465576171875,rain
124.000732421875,100.988037109375,102.475341796875,rain
97.977783203125,129.68408203125,81.806396484375,rain
111.086181640625,111.062255859375,112.25048828125,rain
120.3515625,118.992919921875,108.598876953125,rain
151.333251953125,152.019287109375,150.789306640625,rain
127.815185546875,135.83544921875,125.71875,rain
110.746826171875,118.662353515625,107.248291015625,rain
110.746826171875,118.662353515625,107.248291015625,rain
115.439697265625,111.771240234375,112.0302734375,rain
99.66455078125,103.18359375,90.71826171875,rain
31.6416015625,30.051513671875,31.755859375,rain
157.645263671875,163.39697265625,167.95703125,rain
45.8837890625,48.830322265625,51.164794921875,rain
166.629638671875,175.112548828125,176.82421875,rain
139.537353515625,147.665283203125,152.021728515625,rain
146.375732421875,147.40673828125,145.64111328125,rain
129.4169921875,134.339599609375,121.4814453125,rain
139.327392578125,151.6787109375,134.01806640625,rain
133.02783203125,137.6943359375,133.813232421875,rain
126.43359375,129.896484375,119.363525390625,rain
115.623779296875,131.715087890625,162.923095703125,rain
100.16796875,96.99267578125,92.067626953125,rain
110.888427734375,116.0615234375,108.1650390625,rain
114.398193359375,113.166015625,107.5771484375,rain
124.51318359375,123.213134765625,106.76171875,rain
122.403564453125,124.524169921875,121.20703125,rain
101.7587890625,111.887939453125,105.733642578125,rain
96.431884765625,96.88037109375,97.5634765625,rain
94.09912109375,92.866455078125,83.42333984375,rain
116.803955078125,123.366943359375,130.70703125,rain
128.92041015625,125.77685546875,125.467041015625,rain
81.020263671875,80.3037109375,81.226806640625,rain
133.07177734375,133.388671875,138.09033203125,rain
129.9501953125,142.8515625,125.824951171875,rain
116.764404296875,125.911376953125,124.14404296875,rain
128.980224609375,126.113525390625,125.29736328125,rain
137.946533203125,142.6474609375,140.20751953125,rain
43.438720703125,63.43505859375,97.639892578125,rain
60.6748046875,74.54833984375,103.106689453125,rain
39.81884765625,51.713134765625,78.89501953125,rain
79.223876953125,114.55615234375,144.858642578125,rain
94.22900390625,92.94140625,83.42138671875,rain
29.321044921875,84.433349609375,119.7646484375,rain
59.788818359375,80.2685546875,97.366455078125,rain
88.193115234375,96.579833984375,118.783203125,rain
124.2578125,135.254638671875,154.219482421875,rain
104.851806640625,117.737548828125,158.865478515625,rain
153.1796875,163.123291015625,189.565185546875,rain
139.8759765625,139.41259765625,146.72998046875,rain
49.293701171875,74.28662109375,84.150390625,rain
21.027099609375,46.06396484375,59.999267578125,rain
50.705322265625,70.852294921875,71.2470703125,rain
154.365234375,153.243896484375,154.474365234375,rain
91.6494140625,110.622314453125,150.697509765625,rain
66.69775390625,85.59326171875,124.3525390625,rain
122.75830078125,134.006591796875,153.27685546875,rain
120.865234375,121.08837890625,114.479736328125,rain
79.99853515625,66.82666015625,69.36767578125,rain
125.95751953125,129.971435546875,119.41650390625,rain
154.449951171875,153.03857421875,154.607177734375,rain
133.17919921875,142.950439453125,142.385498046875,rain
125.70947265625,125.719482421875,126.590576171875,rain
95.514404296875,93.42578125,91.553466796875,rain
129.433837890625,129.4638671875,129.824951171875,rain
122.67724609375,123.5224609375,118.24072265625,rain
96.27294921875,137.80078125,147.78955078125,rain
127.0068359375,156.475341796875,166.2744140625,rain
80.177978515625,66.499755859375,69.0986328125,rain
90.54150390625,101.19921875,112.957275390625,rain
90.857666015625,90.535400390625,88.74853515625,rain
158.357666015625,156.736572265625,155.8291015625,rain
108.47216796875,112.15625,120.4501953125,rain
128.722900390625,125.72900390625,125.1962890625,rain
115.15673828125,111.751708984375,111.962158203125,rain
160.1201171875,160.406005859375,158.91455078125,rain
129.8671875,133.432373046875,123.805419921875,rain
102.62353515625,117.511474609375,111.388916015625,rain
115.533203125,130.66943359375,112.0185546875,rain
101.656494140625,113.513671875,106.397216796875,rain
48.343505859375,72.962890625,111.92333984375,rain
31.852783203125,34.943603515625,48.13623046875,rain
110.746826171875,118.662353515625,107.248291015625,rain
128.85205078125,146.573486328125,173.306884765625,rain
143.028076171875,161.744140625,177.368896484375,rain
182.416259765625,166.944091796875,184.331787109375,rain
70.7412109375,118.047607421875,151.541015625,shine
100.656494140625,142.251953125,172.343994140625,shine
120.915283203125,133.663330078125,156.112060546875,shine
83.361083984375,108.610595703125,124.510986328125,shine
94.857666015625,138.250244140625,170.33447265625,shine
138.0458984375,184.68017578125,211.692626953125,shine
185.45556640625,205.041748046875,225.88232421875,shine
160.755615234375,189.53466796875,208.279296875,shine
148.2060546875,185.30712890625,207.87548828125,shine
113.90234375,146.571044921875,160.69775390625,shine
122.043212890625,168.5849609375,189.12939453125,shine
139.746337890625,161.19677734375,173.349365234375,shine
106.805908203125,149.610595703125,185.86669921875,shine
84.62451171875,132.33544921875,171.046630859375,shine
195.93701171875,188.73486328125,182.618896484375,shine
163.853759765625,168.07861328125,167.48046875,shine
116.029052734375,151.70947265625,188.2490234375,shine
104.43896484375,148.4208984375,169.658203125,shine
113.157958984375,135.928955078125,165.28466796875,shine
114.85302734375,129.97998046875,150.114501953125,shine
82.197021484375,122.643310546875,167.0615234375,shine
96.505615234375,152.610107421875,208.645751953125,shine
99.5947265625,139.33251953125,184.4931640625,shine
118.736572265625,154.8349609375,188.00830078125,shine
102.6787109375,128.878173828125,163.171142578125,shine
110.4853515625,149.40966796875,199.07421875,shine
117.815673828125,149.896484375,182.88525390625,shine
118.293701171875,145.221435546875,183.284912109375,shine
83.134765625,111.645751953125,142.226318359375,shine
85.91943359375,115.504638671875,155.077392578125,shine
89.2548828125,114.09814453125,160.68701171875,shine
96.386474609375,137.024169921875,183.119873046875,shine
62.2939453125,87.23583984375,141.3154296875,shine
76.116943359375,98.84130859375,130.25537109375,shine
145.601806640625,163.0458984375,170.393798828125,shine
127.822021484375,187.409912109375,214.722900390625,shine
84.641357421875,119.72021484375,159.079345703125,shine
83.50390625,138.620849609375,182.026611328125,shine
106.167236328125,134.76416015625,173.77587890625,shine
116.387939453125,144.697509765625,189.27783203125,shine
81.81787109375,119.18994140625,176.624755859375,shine
91.3115234375,115.610107421875,145.28271484375,shine
112.414306640625,156.921875,198.6826171875,shine
96.8681640625,137.57666015625,184.416015625,shine
99.0986328125,137.3603515625,180.726806640625,shine
103.60107421875,168.510498046875,206.606201171875,shine
127.22509765625,158.181640625,208.2529296875,shine
96.825927734375,137.62548828125,184.607421875,shine
155.595947265625,168.91650390625,196.319091796875,shine
123.272705078125,166.869873046875,170.764892578125,shine
122.100830078125,166.08984375,231.593505859375,shine
103.723876953125,131.4287109375,154.721435546875,shine
72.05859375,88.7724609375,123.004150390625,shine
142.4462890625,184.321044921875,197.69775390625,shine
83.852294921875,118.594970703125,158.01953125,shine
116.751220703125,154.3486328125,208.81494140625,shine
121.569580078125,159.77587890625,186.92333984375,shine
91.8095703125,92.0009765625,98.9150390625,shine
122.96142578125,135.15625,151.7373046875,shine
159.372802734375,199.11865234375,197.33056640625,shine
188.0771484375,204.370849609375,221.390625,shine
124.567138671875,144.18603515625,165.8212890625,shine
58.73388671875,96.009521484375,154.8798828125,shine
93.060302734375,150.721435546875,127.59423828125,shine
129.9267578125,167.42919921875,177.97998046875,shine
109.55078125,173.177734375,156.53662109375,shine
150.214111328125,185.48779296875,162.922119140625,shine
88.142822265625,149.39306640625,190.287109375,shine
96.147705078125,131.96435546875,196.010009765625,shine
137.1259765625,186.959228515625,132.484130859375,shine
176.4228515625,207.930419921875,213.009521484375,shine
99.87353515625,138.84130859375,159.74853515625,shine
138.083984375,167.783203125,194.8994140625,shine
140.077880859375,168.695068359375,188.414306640625,shine
128.528076171875,182.241943359375,156.209228515625,shine
119.0732421875,174.84521484375,233.356201171875,shine
108.60693359375,122.140380859375,140.3427734375,shine
125.017822265625,179.253173828125,160.641357421875,shine
112.316650390625,144.214111328125,157.136474609375,shine
117.689697265625,146.93701171875,137.5556640625,shine
72.942138671875,118.375732421875,146.53466796875,shine
146.81396484375,176.51123046875,162.15576171875,shine
160.173095703125,195.856689453125,170.5302734375,shine
162.406982421875,189.278076171875,198.68701171875,shine
134.899658203125,158.009765625,145.529296875,shine
121.019287109375,167.75341796875,135.887939453125,shine
85.294189453125,163.937255859375,189.951904296875,shine
127.869384765625,190.421875,174.80126953125,shine
77.822998046875,119.036865234375,122.5625,shine
159.3720703125,177.847412109375,221.88818359375,shine
112.524658203125,151.1591796875,175.78466796875,shine
86.58203125,147.322509765625,218.3017578125,shine
89.197509765625,129.8427734375,139.522216796875,shine
118.465576171875,146.825439453125,112.699951171875,shine
184.246337890625,209.397705078125,246.515869140625,shine
182.03173828125,204.329345703125,217.0166015625,shine
117.52001953125,179.5087890625,153.008056640625,shine
120.581298828125,167.3271484375,135.29443359375,shine
136.431396484375,167.998779296875,195.6015625,shine
138.433837890625,148.833984375,154.56494140625,shine
136.35400390625,163.596923828125,213.058837890625,shine
121.51953125,162.892333984375,197.6103515625,shine
96.669189453125,107.79736328125,122.663818359375,shine
117.0322265625,180.288330078125,152.085693359375,shine
134.580322265625,157.78125,146.421630859375,shine
76.494873046875,92.796142578125,112.8134765625,shine
72.50244140625,112.704833984375,132.7314453125,shine
80.162841796875,118.211669921875,153.690185546875,shine
110.19287109375,149.783447265625,186.5966796875,shine
157.087158203125,170.07373046875,192.85107421875,shine
145.81396484375,186.30810546875,170.13818359375,shine
110.788818359375,131.32275390625,169.576416015625,shine
102.609130859375,143.424072265625,213.7421875,shine
84.37451171875,146.156982421875,203.456298828125,shine
93.32080078125,151.20458984375,127.527099609375,shine
106.32421875,151.427978515625,180.936279296875,shine
91.9970703125,139.281494140625,141.532958984375,shine
80.262451171875,118.982421875,116.923828125,shine
145.70654296875,186.34375,170.11572265625,shine
134.960205078125,168.00341796875,200.8564453125,shine
172.697265625,185.525390625,203.490966796875,shine
99.94091796875,138.855712890625,159.937255859375,shine
80.31689453125,133.78076171875,204.833984375,shine
120.377685546875,156.4384765625,192.7666015625,shine
102.695556640625,130.258056640625,153.568359375,shine
121.718017578125,151.152587890625,140.94287109375,shine
86.8359375,83.830810546875,79.126708984375,shine
113.576171875,157.715087890625,195.493896484375,shine
49.330322265625,89.205322265625,130.87158203125,shine
104.966552734375,152.525146484375,168.93701171875,shine
118.722412109375,135.01708984375,157.03515625,shine
77.866455078125,119.1650390625,121.538818359375,shine
106.1064453125,172.37890625,155.951171875,shine
98.78466796875,177.34521484375,242.0888671875,shine
92.13671875,146.105712890625,212.339111328125,shine
92.70751953125,134.5126953125,177.3671875,shine
75.16650390625,98.28076171875,152.521240234375,shine
146.688720703125,160.8740234375,183.765380859375,shine
189.572509765625,201.34912109375,202.481689453125,shine
102.398681640625,141.669677734375,167.814697265625,shine
143.7001953125,194.813232421875,148.96337890625,shine
183.66357421875,211.26318359375,241.085693359375,shine
141.712890625,159.77685546875,156.08349609375,shine
88.89453125,129.565673828125,139.6943359375,shine
89.943603515625,113.1015625,141.931884765625,shine
133.093505859375,177.2626953125,217.766357421875,shine
127.33642578125,157.68408203125,156.295654296875,shine
119.586181640625,161.125244140625,171.68017578125,shine
135.031982421875,158.061279296875,146.656005859375,shine
52.05419921875,106.341064453125,167.71435546875,shine
163.926025390625,178.05859375,219.4169921875,shine
132.91455078125,147.26806640625,168.3017578125,shine
118.8349609375,118.0380859375,114.658447265625,shine
144.68359375,153.723876953125,197.9931640625,shine
118.4755859375,168.00537109375,186.6953125,shine
142.478271484375,169.69384765625,138.254150390625,shine
118.714599609375,139.183349609375,164.487060546875,shine
142.136962890625,170.169189453125,172.952880859375,shine
113.48193359375,178.853759765625,234.73291015625,shine
79.902099609375,117.90966796875,153.9375,shine
61.3623046875,133.32421875,210.86181640625,shine
110.79638671875,173.41845703125,158.779296875,shine
92.76904296875,154.799560546875,158.11767578125,shine
110.829345703125,173.392333984375,158.346435546875,shine
119.647705078125,135.67578125,174.213134765625,shine
156.156494140625,169.24755859375,192.542236328125,shine
124.412841796875,153.821044921875,190.443115234375,shine
113.157958984375,135.928955078125,165.28466796875,shine
84.124267578125,145.61279296875,202.780517578125,shine
53.349853515625,123.00732421875,162.6142578125,shine
121.50830078125,103.458984375,28.53125,shine
137.935302734375,178.01025390625,215.31298828125,shine
137.896484375,158.97412109375,182.4443359375,shine
159.343017578125,178.65380859375,208.493896484375,shine
145.657470703125,174.31396484375,206.778564453125,shine
73.940185546875,117.11279296875,148.697998046875,shine
123.484619140625,134.811279296875,150.385986328125,shine
121.547119140625,152.981689453125,200.76806640625,shine
139.0791015625,185.809326171875,222.3134765625,shine
98.18310546875,141.890869140625,193.8515625,shine
121.674072265625,170.1181640625,238.14208984375,shine
101.754150390625,145.77978515625,183.37353515625,shine
116.78515625,152.12353515625,188.374755859375,shine
120.377685546875,156.4384765625,192.7666015625,shine
101.96630859375,145.834228515625,183.63623046875,shine
62.7080078125,158.89306640625,219.3837890625,shine
131.96533203125,178.568115234375,201.13232421875,shine
84.40087890625,113.773681640625,153.160888671875,shine
102.1923828125,158.00146484375,185.093017578125,shine
102.193115234375,185.820556640625,222.519775390625,shine
106.93408203125,173.323974609375,210.2021484375,shine
127.04736328125,165.6552734375,184.581787109375,shine
127.496826171875,195.92138671875,235.902587890625,shine
105.5478515625,181.4814453125,226.111328125,shine
126.36376953125,188.96337890625,225.6044921875,shine
134.936279296875,193.1904296875,229.809326171875,shine
86.097900390625,120.49169921875,155.573974609375,shine
85.381103515625,111.348388671875,135.123779296875,shine
120.527099609375,157.510986328125,221.239013671875,shine
132.08154296875,130.953369140625,138.883544921875,shine
132.429931640625,139.17822265625,147.85595703125,shine
136.1953125,159.322265625,147.008056640625,shine
126.9482421875,169.637451171875,142.840576171875,shine
65.408935546875,89.235595703125,100.60595703125,shine
98.04541015625,158.299072265625,130.777587890625,shine
111.482177734375,142.20458984375,161.81103515625,shine
138.8984375,150.207763671875,148.749267578125,shine
148.76171875,164.868896484375,178.5458984375,shine
121.025634765625,149.40625,171.365234375,shine
113.859130859375,139.82373046875,155.012451171875,shine
85.763916015625,122.0361328125,135.94140625,shine
172.744140625,211.2236328125,228.0205078125,shine
106.476806640625,149.146484375,189.9560546875,shine
92.99169921875,136.1865234375,190.426025390625,shine
98.517822265625,158.21533203125,179.705322265625,shine
113.29345703125,159.079833984375,201.32958984375,shine
87.734619140625,130.54248046875,158.334228515625,shine
138.660888671875,171.54345703125,200.225830078125,shine
119.006103515625,173.44140625,203.18115234375,shine
152.06396484375,179.03369140625,208.891357421875,shine
112.462158203125,136.256103515625,142.476806640625,shine
131.014404296875,162.185302734375,198.87744140625,shine
150.626220703125,189.927978515625,214.502685546875,shine
159.76025390625,185.37890625,214.947998046875,shine
82.225341796875,122.6357421875,166.97412109375,shine
69.622802734375,137.7890625,197.998046875,shine
83.0615234375,105.94580078125,140.107666015625,shine
90.38330078125,98.69873046875,122.1171875,shine
91.08251953125,133.69873046875,175.690673828125,shine
127.93896484375,147.829833984375,149.578857421875,shine
162.040283203125,187.51953125,220.26123046875,shine
108.616455078125,128.06396484375,144.270263671875,shine
181.840087890625,215.997802734375,232.3837890625,shine
150.8974609375,184.50439453125,212.794189453125,shine
151.9892578125,169.629638671875,191.3125,shine
140.764892578125,172.986572265625,201.021728515625,shine
145.6328125,184.8212890625,210.231201171875,shine
110.270263671875,191.2275390625,242.250244140625,shine
24.197998046875,159.45654296875,212.010498046875,shine
149.042236328125,185.08984375,216.48681640625,shine
120.052490234375,200.570068359375,229.224853515625,shine
176.423583984375,202.850830078125,218.946044921875,shine
104.18994140625,148.378173828125,169.607421875,shine
152.388916015625,159.640380859375,162.75732421875,shine
109.1064453125,120.259033203125,141.19970703125,shine
74.763916015625,172.705078125,182.805908203125,shine
112.872802734375,140.129638671875,169.8232421875,shine
94.254638671875,152.806884765625,192.024658203125,shine
160.734375,189.949462890625,208.239013671875,shine
123.43994140625,134.775146484375,150.11376953125,shine
125.5107421875,166.85595703125,193.18017578125,shine
85.381103515625,111.348388671875,135.123779296875,shine
99.516845703125,121.46484375,141.994384765625,shine
81.4365234375,81.911376953125,85.6171875,sunrise
146.1162109375,101.29248046875,74.042724609375,sunrise
160.114013671875,81.435302734375,30.88671875,sunrise
114.249755859375,40.5078125,29.350341796875,sunrise
114.812744140625,23.652099609375,10.639892578125,sunrise
100.73388671875,42.4609375,40.67333984375,sunrise
115.832763671875,72.669677734375,93.681640625,sunrise
146.48046875,87.033447265625,26.51123046875,sunrise
117.793701171875,65.740966796875,16.063232421875,sunrise
132.111083984375,82.74072265625,30.3974609375,sunrise
160.2080078125,108.67529296875,41.488525390625,sunrise
161.705810546875,99.38037109375,52.980712890625,sunrise
150.925537109375,80.052490234375,50.4072265625,sunrise
113.430908203125,100.71044921875,91.96630859375,sunrise
120.90625,93.897216796875,76.210205078125,sunrise
98.818115234375,83.890380859375,70.153564453125,sunrise
134.152587890625,117.500732421875,117.111572265625,sunrise
134.449951171875,109.495849609375,84.356689453125,sunrise
132.377685546875,120.849853515625,110.1494140625,sunrise
56.896240234375,101.723876953125,141.813232421875,sunrise
91.165283203125,116.03125,129.94775390625,sunrise
74.07177734375,105.07763671875,102.1572265625,sunrise
90.690185546875,119.784423828125,146.28662109375,sunrise
119.56201171875,92.693359375,80.643798828125,sunrise
59.874267578125,117.73828125,179.202880859375,sunrise
80.062255859375,117.8896484375,173.713623046875,sunrise
33.18798828125,46.317626953125,95.864013671875,sunrise
121.2216796875,74.873779296875,42.344970703125,sunrise
136.38623046875,95.312744140625,77.08544921875,sunrise
159.95654296875,101.802490234375,53.517822265625,sunrise
154.345458984375,88.562255859375,53.436767578125,sunrise
132.834716796875,95.24560546875,59.518798828125,sunrise
132.958984375,87.599853515625,68.033203125,sunrise
183.292724609375,117.66845703125,50.727294921875,sunrise
119.56201171875,92.693359375,80.643798828125,sunrise
162.840087890625,91.18896484375,21.805419921875,sunrise
152.695556640625,83.58642578125,36.13427734375,sunrise
166.22119140625,123.53173828125,75.37890625,sunrise
175.1513671875,142.977783203125,112.007568359375,sunrise
180.373291015625,142.306396484375,86.340576171875,sunrise
143.310546875,78.95849609375,16.810302734375,sunrise
205.790283203125,119.17529296875,48.962158203125,sunrise
201.923583984375,99.974365234375,9.822509765625,sunrise
167.89892578125,102.447265625,54.325439453125,sunrise
181.864501953125,116.3779296875,39.4013671875,sunrise
183.354736328125,111.227294921875,65.207275390625,sunrise
161.924072265625,62.753173828125,10.359130859375,sunrise
208.962890625,154.46337890625,81.68603515625,sunrise
136.830810546875,70.34130859375,12.586181640625,sunrise
100.950439453125,84.1015625,57.294677734375,sunrise
94.837646484375,66.7216796875,52.057373046875,sunrise
143.751953125,108.105224609375,77.23876953125,sunrise
51.62158203125,64.62158203125,67.34912109375,sunrise
116.4404296875,91.283447265625,69.041748046875,sunrise
60.5791015625,57.25830078125,55.028076171875,sunrise
111.85693359375,97.040771484375,81.7236328125,sunrise
171.19580078125,92.2265625,35.400634765625,sunrise
82.865966796875,56.459228515625,80.595703125,sunrise
98.219970703125,64.92236328125,92.9970703125,sunrise
132.889404296875,107.204833984375,101.185791015625,sunrise
123.391845703125,103.006103515625,95.757568359375,sunrise
118.232421875,100.871337890625,76.833740234375,sunrise
111.6865234375,107.13720703125,89.313232421875,sunrise
113.9345703125,113.33349609375,85.589599609375,sunrise
158.294921875,131.435302734375,92.13330078125,sunrise
148.33935546875,119.13037109375,89.977783203125,sunrise
143.52197265625,137.50146484375,114.36083984375,sunrise
144.22705078125,115.86376953125,81.97314453125,sunrise
100.77587890625,76.69677734375,40.516845703125,sunrise
157.000244140625,141.8056640625,116.736083984375,sunrise
180.928955078125,134.499267578125,66.17724609375,sunrise
155.534423828125,149.508056640625,107.824462890625,sunrise
116.712646484375,79.859130859375,67.666015625,sunrise
104.191162109375,71.8916015625,93.7919921875,sunrise
114.98046875,78.36767578125,91.886962890625,sunrise
96.83837890625,72.641845703125,60.107421875,sunrise
118.34033203125,74.7587890625,42.6875,sunrise
185.314208984375,122.8642578125,38.802490234375,sunrise
172.896728515625,75.74462890625,19.145263671875,sunrise
211.938720703125,140.783935546875,53.703857421875,sunrise
205.71240234375,135.47314453125,30.17529296875,sunrise
121.765625,83.134033203125,48.14453125,sunrise
119.337158203125,80.5673828125,66.397705078125,sunrise
130.468994140625,96.255859375,99.713623046875,sunrise
113.06787109375,82.355712890625,73.072998046875,sunrise
116.72509765625,88.109130859375,70.592529296875,sunrise
181.10546875,78.279296875,13.331787109375,sunrise
173.406005859375,113.197265625,74.8203125,sunrise
192.73681640625,134.009765625,84.211669921875,sunrise
133.971923828125,81.26513671875,67.331298828125,sunrise
111.11376953125,83.631103515625,40.265380859375,sunrise
125.107666015625,97.336181640625,62.145263671875,sunrise
136.1181640625,94.508544921875,39.256103515625,sunrise
162.162109375,119.24951171875,69.9560546875,sunrise
188.318115234375,170.5634765625,101.092041015625,sunrise
138.125244140625,103.17333984375,64.0244140625,sunrise
163.398681640625,142.050048828125,72.338623046875,sunrise
129.69287109375,80.82861328125,29.613525390625,sunrise
198.023681640625,151.93310546875,46.770751953125,sunrise
179.82568359375,127.06591796875,69.025390625,sunrise
190.16943359375,107.418212890625,20.575927734375,sunrise
99.29052734375,60.78662109375,53.64208984375,sunrise
114.0869140625,94.52294921875,79.386962890625,sunrise
85.33935546875,60.448486328125,46.566650390625,sunrise
100.255615234375,78.83349609375,71.2314453125,sunrise
124.94775390625,69.919921875,44.673583984375,sunrise
148.006103515625,96.80908203125,78.60498046875,sunrise
96.939208984375,52.51953125,24.936767578125,sunrise
80.927734375,66.53564453125,69.384765625,sunrise
132.295654296875,101.298095703125,87.87939453125,sunrise
106.65673828125,89.782470703125,65.9404296875,sunrise
70.635498046875,59.835205078125,74.593505859375,sunrise
130.841064453125,111.622802734375,85.6787109375,sunrise
126.224365234375,106.77197265625,103.74365234375,sunrise
159.528564453125,129.4853515625,115.613525390625,sunrise
63.317138671875,40.810546875,25.261962890625,sunrise
108.570556640625,86.8017578125,72.4189453125,sunrise
105.980712890625,84.890380859375,77.521728515625,sunrise
96.5673828125,93.129638671875,89.96630859375,sunrise
64.76318359375,56.85009765625,51.294921875,sunrise
173.80712890625,136.591796875,84.1396484375,sunrise
194.77587890625,160.40087890625,109.368896484375,sunrise
125.6484375,74.52001953125,50.379638671875,sunrise
119.3544921875,109.8681640625,90.667236328125,sunrise
103.048095703125,51.59765625,23.679443359375,sunrise
108.743408203125,77.712158203125,55.08544921875,sunrise
147.268310546875,99.2373046875,64.26953125,sunrise
85.285888671875,79.251220703125,78.405517578125,sunrise
116.055419921875,95.648681640625,102.840087890625,sunrise
125.4697265625,95.4248046875,100.531494140625,sunrise
105.855712890625,57.802490234375,30.431884765625,sunrise
60.904052734375,35.15576171875,20.65576171875,sunrise
118.19482421875,51.611572265625,18.799560546875,sunrise
212.552001953125,118.913818359375,9.741455078125,sunrise
143.7119140625,117.696533203125,72.6005859375,sunrise
145.009765625,75.776123046875,27.072509765625,sunrise
106.462646484375,86.13916015625,60.6337890625,sunrise
133.626708984375,67.079833984375,12.2138671875,sunrise
106.524169921875,55.647216796875,6.812255859375,sunrise
138.836669921875,33.423583984375,21.50830078125,sunrise
104.472900390625,36.988525390625,9.213134765625,sunrise
153.573486328125,110.51611328125,70.057861328125,sunrise
110.299072265625,84.76953125,82.9248046875,sunrise
140.2734375,91.199462890625,46.744384765625,sunrise
121.31884765625,94.671142578125,52.3828125,sunrise
144.22705078125,115.86376953125,81.97314453125,sunrise
152.322998046875,107.827392578125,71.5322265625,sunrise
108.6123046875,46.916259765625,15.885986328125,sunrise
156.0419921875,55.796875,19.204833984375,sunrise
125.916015625,90.284912109375,47.5986328125,sunrise
158.518798828125,123.78369140625,79.820556640625,sunrise
53.973876953125,7.323974609375,7.14453125,sunrise
94.06005859375,64.79345703125,41.834716796875,sunrise
148.648681640625,79.921630859375,27.845703125,sunrise
123.071533203125,78.076171875,42.59375,sunrise
147.25927734375,59.011962890625,26.76025390625,sunrise
104.671142578125,96.9111328125,82.296630859375,sunrise
87.915771484375,69.120361328125,47.240966796875,sunrise
145.260986328125,85.56591796875,29.97998046875,sunrise
98.7939453125,58.615234375,15.05322265625,sunrise
115.661376953125,73.089599609375,36.7890625,sunrise
86.632568359375,76.565185546875,63.61865234375,sunrise
157.527587890625,128.773681640625,108.555419921875,sunrise
76.608154296875,52.194091796875,25.187744140625,sunrise
58.64501953125,54.198486328125,47.690185546875,sunrise
51.12841796875,37.9169921875,19.343994140625,sunrise
160.128173828125,62.65966796875,10.748291015625,sunrise
148.405517578125,112.369140625,53.26513671875,sunrise
176.158203125,118.33349609375,37.135009765625,sunrise
187.831787109375,104.8974609375,2.058837890625,sunrise
148.609619140625,82.4833984375,73.802001953125,sunrise
129.844482421875,93.393798828125,67.99072265625,sunrise
112.1103515625,62.7255859375,25.851806640625,sunrise
129.222412109375,63.30859375,45.675048828125,sunrise
182.02197265625,116.4638671875,49.3671875,sunrise
143.866455078125,66.6904296875,18.46337890625,sunrise
116.463134765625,88.167724609375,62.716552734375,sunrise
97.82568359375,73.882080078125,49.095947265625,sunrise
118.21533203125,107.670166015625,86.862060546875,sunrise
167.39111328125,97.543701171875,49.873291015625,sunrise
165.735595703125,124.566162109375,60.71728515625,sunrise
125.839599609375,68.432373046875,25.579833984375,sunrise
207.175048828125,106.23828125,12.99365234375,sunrise
107.9404296875,86.932861328125,56.528076171875,sunrise
103.592529296875,72.88916015625,26.908447265625,sunrise
168.938232421875,103.238037109375,56.931396484375,sunrise
111.8564453125,53.866943359375,44.364013671875,sunrise
169.0419921875,125.05322265625,101.16455078125,sunrise
157.5673828125,60.6015625,4.9208984375,sunrise
48.04345703125,44.355712890625,26.295654296875,sunrise
218.823974609375,133.821044921875,32.598388671875,sunrise
120.43896484375,37.21826171875,2.719482421875,sunrise
212.331298828125,127.445068359375,60.582763671875,sunrise
128.7177734375,84.3759765625,67.902587890625,sunrise
103.80078125,49.39990234375,26.494873046875,sunrise
142.507080078125,72.725830078125,15.658935546875,sunrise
124.0185546875,62.67529296875,12.794677734375,sunrise
179.5302734375,120.84326171875,65.928955078125,sunrise
150.978759765625,123.956787109375,81.7314453125,sunrise
173.431640625,96.587890625,39.470947265625,sunrise
91.6318359375,86.666259765625,76.669677734375,sunrise
138.93115234375,60.86474609375,4.60546875,sunrise
134.587890625,55.98095703125,6.787841796875,sunrise
154.8017578125,131.301513671875,105.35400390625,sunrise
130.58837890625,113.475341796875,101.085205078125,sunrise
140.79248046875,72.755126953125,34.234619140625,sunrise
140.053466796875,34.784912109375,5.394775390625,sunrise
145.2724609375,80.044677734375,32.90234375,sunrise
106.56884765625,60.953857421875,28.340087890625,sunrise
138.895263671875,93.6474609375,56.55615234375,sunrise
92.062744140625,46.993408203125,11.740966796875,sunrise
43.938232421875,40.472412109375,35.114990234375,sunrise
141.39453125,90.244140625,82.24609375,sunrise
98.47314453125,84.955078125,72.62646484375,sunrise
113.556396484375,99.128662109375,92.283935546875,sunrise
138.032470703125,87.843017578125,55.90869140625,sunrise
85.9326171875,49.863525390625,22.39013671875,sunrise
143.634765625,93.295166015625,39.6884765625,sunrise
141.398193359375,88.908203125,43.081298828125,sunrise
60.82666015625,34.59716796875,24.477294921875,sunrise
147.8447265625,100.83447265625,47.54638671875,sunrise
128.726806640625,65.08154296875,15.39453125,sunrise
87.488525390625,69.86181640625,68.08056640625,sunrise
64.287841796875,53.595947265625,33.62109375,sunrise
169.956787109375,92.419921875,26.39013671875,sunrise
159.904052734375,62.921630859375,12.478271484375,sunrise
115.556396484375,73.106201171875,36.728759765625,sunrise
96.60693359375,69.070556640625,41.8544921875,sunrise
135.559814453125,117.3056640625,96.595947265625,sunrise
92.392822265625,30.48046875,4.093505859375,sunrise
94.65966796875,45.865478515625,39.031494140625,sunrise
79.82177734375,55.096435546875,30.946533203125,sunrise
145.65283203125,59.028564453125,8.877197265625,sunrise
73.35205078125,78.62353515625,51.19287109375,sunrise
52.270263671875,31.24609375,10.873046875,sunrise
188.133544921875,106.001953125,21.12353515625,sunrise
97.86865234375,59.35546875,52.279296875,sunrise
142.66845703125,99.65869140625,66.327880859375,sunrise
138.30859375,96.942138671875,65.382568359375,sunrise
122.2568359375,75.102294921875,39.969482421875,sunrise
100.469970703125,41.448974609375,7.936767578125,sunrise
120.0419921875,49.420166015625,16.956787109375,sunrise
121.173583984375,93.471435546875,57.87939453125,sunrise
154.352783203125,107.691162109375,85.22412109375,sunrise
134.7822265625,88.362060546875,70.123779296875,sunrise
53.195556640625,30.28515625,15.025146484375,sunrise
166.64794921875,103.342041015625,41.5263671875,sunrise
61.761474609375,21.666259765625,5.131103515625,sunrise
75.08349609375,48.04052734375,26.856201171875,sunrise
117.5078125,79.821533203125,30.679931640625,sunrise
128.650146484375,73.76220703125,39.594482421875,sunrise
173.74658203125,123.480224609375,20.036376953125,sunrise
111.7138671875,92.514404296875,75.435791015625,sunrise
166.2763671875,84.98486328125,48.75927734375,sunrise
93.814697265625,44.85498046875,17.659912109375,sunrise
117.3466796875,74.19873046875,59.78662109375,sunrise
183.354736328125,111.227294921875,65.207275390625,sunrise
179.669189453125,114.874267578125,38.842041015625,sunrise
144.884033203125,79.8642578125,33.152587890625,sunrise
99.185302734375,67.063720703125,26.067138671875,sunrise
172.800048828125,49.91650390625,4.476806640625,sunrise
129.487548828125,100.985107421875,81.725341796875,sunrise
202.002685546875,139.669189453125,31.329833984375,sunrise
116.256591796875,73.305419921875,58.900634765625,sunrise
132.299072265625,76.553466796875,24.083984375,sunrise
161.3271484375,84.694091796875,14.169677734375,sunrise
113.7216796875,88.03125,108.141357421875,sunrise
43.917236328125,83.237060546875,124.513671875,sunrise
118.968994140625,90.69970703125,55.4560546875,sunrise
158.615966796875,128.70556640625,114.86279296875,sunrise
122.934814453125,91.896728515625,58.31005859375,sunrise
89.1064453125,76.94384765625,59.761962890625,sunrise
159.797119140625,92.81201171875,45.217041015625,sunrise
113.372802734375,80.090576171875,65.23681640625,sunrise
130.475830078125,30.3984375,8.555419921875,sunrise
149.89599609375,63.113037109375,5.578857421875,sunrise
135.15673828125,68.651123046875,12.168212890625,sunrise
140.41259765625,119.32177734375,102.727783203125,sunrise
53.4052734375,86.9365234375,131.934814453125,sunrise
143.1318359375,101.68994140625,87.546142578125,sunrise
146.15234375,101.644287109375,80.002197265625,sunrise
96.395263671875,86.1474609375,70.648681640625,sunrise
111.447265625,64.426025390625,46.623291015625,sunrise
75.3916015625,49.67529296875,34.7919921875,sunrise
95.22119140625,88.20654296875,74.365966796875,sunrise
189.281494140625,118.673828125,74.103759765625,sunrise
69.333740234375,53.892333984375,45.182861328125,sunrise
116.97900390625,67.71435546875,76.27490234375,sunrise
87.24560546875,59.01806640625,77.952392578125,sunrise
114.26416015625,72.67041015625,87.8154296875,sunrise
64.22412109375,62.363037109375,105.60107421875,sunrise
95.420654296875,86.86865234375,82.98095703125,sunrise
127.1396484375,93.790771484375,97.17138671875,sunrise
151.748291015625,78.763671875,95.71728515625,sunrise
112.30126953125,38.11328125,40.29931640625,sunrise
92.926025390625,97.8408203125,101.39794921875,sunrise
128.928955078125,139.748046875,136.310791015625,sunrise
135.1064453125,115.863037109375,107.118408203125,sunrise
137.288330078125,141.423583984375,106.77880859375,sunrise
117.160400390625,135.840087890625,141.863525390625,sunrise
165.502197265625,133.80615234375,86.237060546875,sunrise
139.972900390625,112.919677734375,72.7783203125,sunrise
80.522216796875,104.099853515625,130.77978515625,sunrise
183.87060546875,154.9130859375,105.4052734375,sunrise
193.44921875,153.89990234375,98.5361328125,sunrise
186.683837890625,122.835693359375,59.9501953125,sunrise
128.892578125,110.70947265625,109.150390625,sunrise
142.3515625,114.987060546875,63.28955078125,sunrise
88.837158203125,91.979248046875,86.190673828125,sunrise
102.334716796875,91.61181640625,99.428466796875,sunrise
96.650634765625,89.618896484375,95.3974609375,sunrise
91.320068359375,101.190673828125,114.771728515625,sunrise
165.681640625,117.301025390625,62.98291015625,sunrise
100.277099609375,92.4970703125,74.9462890625,sunrise
183.147705078125,111.228759765625,65.6708984375,sunrise
138.5810546875,102.956787109375,55.78515625,sunrise
183.274169921875,117.71923828125,50.736572265625,sunrise
129.759521484375,100.545654296875,79.71435546875,sunrise
203.990478515625,108.052734375,15.63916015625,sunrise
151.72998046875,64.234619140625,5.0224609375,sunrise
130.158447265625,66.3505859375,15.9189453125,sunrise
112.72802734375,54.14306640625,9.162841796875,sunrise
127.578857421875,56.794921875,19.9384765625,sunrise
132.71630859375,67.596435546875,22.631103515625,sunrise
144.071533203125,104.53466796875,91.068359375,sunrise
75.6845703125,58.8984375,40.15771484375,sunrise
68.204345703125,73.38427734375,43.5751953125,sunrise
72.87451171875,74.7744140625,73.493408203125,sunrise
60.42724609375,80.135986328125,92.15380859375,sunrise
68.966796875,81.38134765625,74.40673828125,sunrise
98.753173828125,48.44677734375,12.896728515625,sunrise
143.185791015625,79.259521484375,17.810791015625,sunrise
111.0712890625,46.366455078125,11.8525390625,sunrise
138.1767578125,74.485595703125,46.76171875,sunrise
149.23876953125,70.23828125,19.16259765625,sunrise
138.974853515625,75.5791015625,52.09228515625,sunrise
161.81884765625,81.6044921875,26.10546875,sunrise
98.827392578125,48.449462890625,12.546875,sunrise
152.619384765625,112.73046875,103.953125,sunrise
127.492431640625,89.20263671875,58.399169921875,sunrise
132.295654296875,101.298095703125,87.87939453125,sunrise
111.328369140625,98.162109375,79.898681640625,sunrise
201.29052734375,154.430419921875,124.96533203125,sunrise
124.41259765625,93.207275390625,59.5146484375,sunrise
89.04052734375,54.1728515625,56.84765625,sunrise
140.976806640625,105.71875,87.75048828125,sunrise
67.9248046875,57.656005859375,48.20166015625,sunrise
123.257568359375,104.011474609375,82.815673828125,sunrise
107.5927734375,111.939208984375,103.875,sunrise
105.04150390625,96.1494140625,86.020263671875,sunrise
141.791259765625,105.980712890625,92.185791015625,sunrise
87.17919921875,50.7919921875,23.016357421875,sunrise
116.95556640625,28.24462890625,2.6396484375,sunrise
144.02587890625,73.8359375,15.666259765625,sunrise
111.0712890625,46.366455078125,11.8525390625,sunrise
147.99560546875,67.904296875,23.765869140625,sunrise
