mean_pixels,std_pixels,median_pixels,mean_hist,std_hist,median_hist,label
58.51422119140625,64.38888308205532,59.0,3072.0,5531.79602389676,1194.0,0.0
39.59454345703125,62.648085089976874,0.0,3072.0,7711.059484597431,819.0,0.0
81.6572265625,79.05266389236937,78.0,3072.0,4477.804386638612,2104.5,0.0
71.1754150390625,88.07116452380822,0.0,3072.0,5978.308289139997,1375.5,0.0
22.2725830078125,47.560961757196175,0.0,3072.0,9325.230312169238,292.5,0.0
38.05120849609375,55.77854183949872,0.0,3072.0,7274.179438259686,436.5,0.0
35.07354736328125,52.434776481196245,0.0,3072.0,7518.14993864847,307.5,0.0
65.49920654296875,69.39456543751139,64.0,3072.0,5652.673427237771,681.0,0.0
54.80731201171875,72.70415200321878,0.0,3072.0,6467.697957929081,726.0,0.0
68.0478515625,73.61023919754747,65.0,3072.0,4992.554356238898,1527.0,0.0
48.3782958984375,59.442825837778045,2.0,3072.0,5972.913736192747,690.0,0.0
55.77801513671875,78.41218607689237,0.0,3072.0,7011.008664949716,1101.0,0.0
38.34375,60.455087684603726,0.0,3072.0,7622.466702124713,642.0,0.0
45.70330810546875,67.71368934276141,0.0,3072.0,6914.260942067489,1081.5,0.0
68.32928466796875,87.09952596689733,0.0,3072.0,5989.393218432064,1005.0,0.0
60.2537841796875,81.53731754945372,0.0,3072.0,6358.303783242824,1102.5,0.0
43.17266845703125,67.69710918027198,0.0,3072.0,7135.690768944518,822.0,0.0
74.06549072265625,86.79801794099204,60.0,3072.0,5243.216045520154,1450.5,0.0
58.14910888671875,74.86964286864325,0.0,3072.0,6216.700280293397,1618.5,0.0
54.79278564453125,65.62226068839307,3.0,3072.0,5926.530561804267,1056.0,0.0
76.42303466796875,75.58623786548698,69.0,3072.0,4594.628426216857,1509.0,0.0
36.546875,63.346820773803934,0.0,3072.0,8345.16119526759,688.5,0.0
63.16357421875,71.7092823020817,48.0,3072.0,5628.461434974925,1063.5,0.0
37.79168701171875,63.4709377449116,0.0,3072.0,7872.855565168206,813.0,0.0
76.75830078125,72.6142195597316,74.0,3072.0,4760.432740308385,1869.0,0.0
53.5089111328125,61.66817582716003,7.0,3072.0,5862.403869147877,618.0,0.0
80.433349609375,69.50303729670824,76.0,3072.0,3718.258866727813,1923.0,0.0
71.7720947265625,75.85912759104102,66.0,3072.0,5050.215985480225,1707.0,0.0
59.2730712890625,67.90022060669816,0.0,3072.0,6176.905930561028,670.5,0.0
66.2816162109375,78.96940875099428,0.0,3072.0,6056.628981950273,1447.5,0.0
57.4354248046875,66.92558582524298,28.0,3072.0,5744.35482669725,921.0,0.0
73.21173095703125,79.55570922746794,66.0,3072.0,5199.60801407183,1681.5,0.0
49.90264892578125,75.94741516939783,0.0,3072.0,7546.274445049027,799.5,0.0
56.34906005859375,89.80810322911096,0.0,3072.0,7918.184735152369,904.5,0.0
83.0206298828125,92.33481973101749,66.0,3072.0,5470.25383323297,1543.5,0.0
49.980224609375,73.45289549094875,0.0,3072.0,7142.924164864135,1408.5,0.0
67.63623046875,77.03670981443082,48.0,3072.0,5303.397696288673,2109.0,0.0
72.3209228515625,72.65169533256068,65.0,3072.0,4396.438842972799,1437.0,0.0
59.5859375,64.0705582774825,60.0,3072.0,5032.172157726721,1927.5,0.0
53.782958984375,60.94878511397427,59.0,3072.0,5435.434469754925,1462.5,0.0
69.09490966796875,81.30520263221219,2.0,3072.0,5868.413904114126,957.0,0.0
88.8001708984375,61.7849999254763,99.0,3072.0,2988.4393502294806,1843.5,0.0
62.0347900390625,66.7347692683628,55.0,3072.0,5031.33563281163,1404.0,0.0
76.4344482421875,67.9062174617261,80.0,3072.0,5015.15516958349,1000.5,0.0
72.043701171875,88.64139574940644,4.0,3072.0,5805.483313213465,1012.5,0.0
48.35009765625,63.297338734031904,0.0,3072.0,6341.070325662695,1413.0,0.0
32.15350341796875,55.8472150985102,0.0,3072.0,8043.696398422805,816.0,0.0
72.35955810546875,65.38537951407226,72.0,3072.0,4131.982998512942,1672.5,0.0
26.16900634765625,51.38927283147156,0.0,3072.0,8867.402339467855,534.0,0.0
62.37579345703125,69.03815466318015,62.0,3072.0,5743.217445387211,814.5,0.0
50.49365234375,72.36190433484371,0.0,3072.0,6802.109112253346,1237.5,0.0
93.24462890625,77.63355723804366,111.0,3072.0,4127.426831574365,1534.5,0.0
25.51788330078125,53.561964859418815,0.0,3072.0,9369.87730042395,211.5,0.0
69.620849609375,70.42654410872704,66.0,3072.0,4824.980427421442,1185.0,0.0
80.1712646484375,77.51323028113012,86.0,3072.0,4786.4345420155905,1639.5,0.0
64.2623291015625,81.34510453663015,0.0,3072.0,6228.48345305661,1158.0,0.0
74.55950927734375,75.81468897327655,74.0,3072.0,4980.525988788734,1434.0,0.0
62.22589111328125,82.52196195643033,0.0,3072.0,6689.8232599972325,957.0,0.0
60.38238525390625,66.90839436934652,47.0,3072.0,5695.822548148774,1147.5,0.0
74.1212158203125,62.02399952971758,74.0,3072.0,3487.110784732828,1962.0,0.0
57.65570068359375,73.25686428263013,0.0,3072.0,6130.491558594629,1630.5,0.0
42.41192626953125,70.76844311463665,0.0,3072.0,7746.236441007982,1044.0,0.0
86.31591796875,87.03068292867943,75.0,3072.0,4444.529362035985,2118.0,0.0
64.843994140625,79.78070424353069,0.0,3072.0,6040.897149844549,1395.0,0.0
72.1571044921875,78.3033252357984,60.0,3072.0,4984.731111103186,1798.5,0.0
62.33624267578125,75.45060221077398,3.0,3072.0,5776.8520082307805,1546.5,0.0
70.8001708984375,79.87477601671753,58.0,3072.0,4938.98752276213,1684.5,0.0
52.1907958984375,63.30822513988715,0.0,3072.0,6092.247368582468,1179.0,0.0
43.743408203125,59.38261427743994,0.0,3072.0,6998.44929252188,606.0,0.0
37.34210205078125,55.68992848481566,0.0,3072.0,7347.456141413843,583.5,0.0
65.2945556640625,83.95475875857645,0.0,3072.0,6321.45720937823,1297.5,0.0
92.71734619140625,80.2091276117291,95.0,3072.0,3714.475534984717,2298.0,0.0
65.25067138671875,74.43519815191247,20.0,3072.0,5731.2372682519435,1225.5,0.0
103.724365234375,74.3134236767619,122.0,3072.0,3700.255261465079,1545.0,0.0
40.1732177734375,61.59641574883205,0.0,3072.0,7539.916702126092,931.5,0.0
34.16986083984375,56.81134738525994,0.0,3072.0,7978.1144153866335,766.5,0.0
49.38226318359375,64.64979600426922,0.0,3072.0,6433.1464113604625,603.0,0.0
59.1087646484375,71.73963483587063,0.0,3072.0,5979.515814428456,856.5,0.0
62.62115478515625,76.75376361289781,0.0,3072.0,6119.963235183689,927.0,0.0
25.55889892578125,54.01143901608637,0.0,3072.0,8690.200515523218,777.0,0.0
52.23388671875,61.685035167407946,13.0,3072.0,5830.817974349739,664.5,0.0
69.00323486328125,72.89273711961684,66.0,3072.0,5204.017234310432,1986.0,0.0
68.10015869140625,74.34700786245413,68.0,3072.0,5568.9285324916855,546.0,0.0
34.71051025390625,54.00444970348971,0.0,3072.0,7537.813426319332,463.5,0.0
44.1680908203125,55.55684964386594,0.0,3072.0,6340.849706466792,435.0,0.0
48.3013916015625,62.25082542921124,0.0,3072.0,6783.852942834183,853.5,0.0
53.86669921875,64.8767446511207,0.0,3072.0,6010.421667819987,1033.5,0.0
45.2740478515625,56.01866249018372,0.0,3072.0,6320.717186364218,993.0,0.0
69.2642822265625,78.29640402611315,40.0,3072.0,5615.639111000635,1197.0,0.0
30.117431640625,53.40984416706723,0.0,3072.0,8334.850321091555,642.0,0.0
35.2384033203125,69.31275307655999,0.0,3072.0,8833.318069955367,789.0,0.0
63.7530517578125,81.1880799390087,0.0,3072.0,6185.985632864014,1287.0,0.0
45.00677490234375,79.95903959642543,0.0,3072.0,8451.855720787004,913.5,0.0
51.415283203125,67.82551826955012,0.0,3072.0,6626.401568724914,591.0,0.0
53.05413818359375,72.59778434774445,0.0,3072.0,6815.349991012934,1021.5,0.0
46.82818603515625,74.22279238320735,0.0,3072.0,7442.958887431799,1231.5,0.0
71.51348876953125,84.41182971472347,60.0,3072.0,5241.878074698037,1339.5,0.0
57.3831787109375,71.16085363520529,0.0,3072.0,6074.675269098752,1414.5,0.0
76.76171875,80.34965768205875,69.0,3072.0,4876.319936694064,1521.0,0.0
30.51959228515625,52.23334538442481,0.0,3072.0,8031.881698892234,451.5,0.0
98.74200439453125,75.02418817823165,123.0,3072.0,3841.9981129615358,1759.5,0.0
34.77166748046875,55.6456942325622,0.0,3072.0,7938.829038340604,796.5,0.0
40.1236572265625,66.38784371309777,0.0,3072.0,8099.311081814304,859.5,0.0
59.077392578125,66.83545845925771,50.0,3072.0,5360.795078624065,1506.0,0.0
57.3167724609375,69.06929669562521,9.0,3072.0,5714.711606896712,1489.5,0.0
40.97344970703125,60.3947107339105,0.0,3072.0,7281.561242274901,1074.0,0.0
62.25067138671875,71.8742983545129,0.0,3072.0,5970.3190241393295,1210.5,0.0
46.40191650390625,67.22591669677361,0.0,3072.0,6964.415679007106,931.5,0.0
48.06024169921875,68.88523610514733,0.0,3072.0,7469.8009762643605,651.0,0.0
32.8148193359375,52.66037177967147,0.0,3072.0,7679.220956581468,1084.5,0.0
32.4144287109375,51.33230459405949,0.0,3072.0,7675.429279525673,958.5,0.0
57.48931884765625,58.216984576148796,57.0,3072.0,4569.776526264714,1710.0,0.0
50.70635986328125,67.01980539378556,0.0,3072.0,6385.5675648293,1261.5,0.0
70.8485107421875,68.77552083298619,71.0,3072.0,4600.136356674659,1294.5,0.0
64.43475341796875,65.64981871250747,69.0,3072.0,5389.469837099007,583.5,0.0
22.91064453125,50.17200710406356,0.0,3072.0,9437.873707832712,238.5,0.0
102.31280517578125,76.62659142727053,114.0,3072.0,3147.3785520651945,1717.5,0.0
73.0762939453125,82.01768438150532,54.0,3072.0,5384.258827823937,1444.5,0.0
63.3291015625,73.7787729741802,13.5,3072.0,5715.002854329996,1572.0,0.0
53.5692138671875,63.745876049724494,10.0,3072.0,5769.446355587336,1081.5,0.0
56.06109619140625,81.34884156276014,0.0,3072.0,6908.594050166792,1224.0,0.0
40.04827880859375,58.08454616034057,0.0,3072.0,6911.6953871680425,678.0,0.0
61.39129638671875,75.14823826793587,0.0,3072.0,6053.070883857218,1746.0,0.0
43.8759765625,70.95497873888336,0.0,3072.0,7759.421998448081,1047.0,0.0
70.58203125,78.11230902780478,57.0,3072.0,5370.515652616609,1762.5,0.0
41.5047607421875,61.84609273284537,0.0,3072.0,7299.78425194882,1032.0,0.0
58.0108642578125,62.930386337174404,47.0,3072.0,5314.4917442780925,2169.0,0.0
28.75274658203125,52.94725860121581,0.0,3072.0,8470.64177763409,763.5,0.0
57.30224609375,74.09960390357023,0.0,3072.0,6191.551855149079,1461.0,0.0
57.9296875,57.9400488036651,57.0,3072.0,4527.573895034735,1849.5,0.0
56.95550537109375,77.09328470176183,0.0,3072.0,6505.831672430512,1540.5,0.0
79.28082275390625,81.15180324147214,63.0,3072.0,4148.695487740694,1668.0,0.0
66.30206298828125,72.26307431743116,60.0,3072.0,4780.895692754653,1633.5,0.0
64.37725830078125,79.84432911912458,0.0,3072.0,5789.059509108539,1662.0,0.0
60.053466796875,71.11749910807866,9.0,3072.0,5749.483270260032,1500.0,0.0
42.36029052734375,63.651210318526154,0.0,3072.0,7843.071201704088,408.0,0.0
68.61236572265625,77.62926197865481,52.0,3072.0,5511.088901024915,1396.5,0.0
85.86114501953125,70.60651942290495,112.0,3072.0,4417.602757718263,1266.0,0.0
35.96197509765625,56.38208413175585,0.0,3072.0,7614.923259626456,423.0,0.0
40.83648681640625,59.72490286903893,0.0,3072.0,7343.102043755078,523.5,0.0
56.33319091796875,79.32248974791624,0.0,3072.0,7082.898585678042,1410.0,0.0
80.554931640625,79.18608584530007,99.0,3072.0,5229.253543767026,1113.0,0.0
97.183349609375,70.81927235592232,95.0,3072.0,1974.3533118466917,2788.5,0.0
20.29803466796875,49.8407986101588,0.0,3072.0,9853.390165318737,358.5,0.0
55.34515380859375,65.3856167601279,0.0,3072.0,6554.636317142241,480.0,0.0
79.82000732421875,80.60741019121208,68.0,3072.0,4440.296822848671,1774.5,0.0
44.14227294921875,59.92298898988717,0.0,3072.0,7065.15700462488,706.5,0.0
58.82147216796875,68.77723839236057,12.0,3072.0,5792.252864818663,711.0,0.0
40.34722900390625,60.03190456995505,0.0,3072.0,7214.957900085073,700.5,0.0
50.1712646484375,62.02031223989652,0.0,3072.0,5981.811086535582,1248.0,0.0
77.99334716796875,70.55337658425034,77.0,3072.0,4273.463539683005,1632.0,0.0
41.3291015625,57.01187036121017,0.0,3072.0,6760.641361956719,666.0,0.0
45.627685546875,56.36133885643759,0.0,3072.0,6352.41171721418,652.5,0.0
51.962646484375,61.322521210763654,1.0,3072.0,5901.87080509223,756.0,0.0
48.126953125,69.29892891610719,0.0,3072.0,7001.966580897112,1359.0,0.0
47.5269775390625,66.67800556054972,0.0,3072.0,6810.256713223078,1042.5,0.0
63.417724609375,71.79458948551004,53.0,3072.0,5302.663575977643,1758.0,0.0
60.99853515625,72.61215982664453,26.0,3072.0,5617.9612961464945,1870.5,0.0
44.247802734375,59.43871166496439,0.0,3072.0,6516.842832230957,1165.5,0.0
36.73553466796875,63.95142384115314,0.0,3072.0,8129.090124362013,727.5,0.0
54.24591064453125,61.86482329604603,43.0,3072.0,5535.429759738624,1329.0,0.0
47.06298828125,58.384934682725415,0.0,3072.0,6200.8345406082235,601.5,0.0
43.93927001953125,60.07280056749324,0.0,3072.0,6908.882109285119,721.5,0.0
37.46868896484375,55.73622457235523,0.0,3072.0,7524.14540828392,609.0,0.0
31.20916748046875,54.47013508924772,0.0,3072.0,8446.835169162472,262.5,0.0
56.64617919921875,69.9647005290402,0.0,3072.0,6324.697216072877,775.5,0.0
54.26751708984375,62.25616619291807,61.0,3072.0,5619.008008536738,762.0,0.0
57.70452880859375,68.6310310418888,0.0,3072.0,6055.732408222807,1159.5,0.0
38.0521240234375,54.4985706868933,0.0,3072.0,7001.718985363523,1098.0,0.0
41.808349609375,64.74777074929123,0.0,3072.0,7807.376656086217,720.0,0.0
73.76702880859375,76.70908947775358,70.0,3072.0,4937.570075452094,1645.5,0.0
29.33831787109375,57.07739662571235,0.0,3072.0,8814.311558482603,715.5,0.0
38.377685546875,53.2589057355774,0.0,3072.0,6975.924454866179,403.5,0.0
52.87359619140625,77.3175047080815,0.0,3072.0,6998.607147140065,1036.5,0.0
38.542236328125,63.17916861554892,0.0,3072.0,7939.148230446387,558.0,0.0
39.73724365234375,52.344148688968666,0.0,3072.0,6616.974875273443,406.5,0.0
65.46966552734375,55.08875945859515,66.0,3072.0,4253.839868283713,580.5,0.0
66.98406982421875,74.86427206012746,50.0,3072.0,5581.020773568219,1353.0,0.0
71.73046875,70.97469674126582,69.0,3072.0,4490.386481139458,1776.0,0.0
61.35986328125,68.85929178986392,28.5,3072.0,5601.187496861715,1596.0,0.0
53.6981201171875,64.27450006628389,0.0,3072.0,6028.725424996564,1314.0,0.0
41.680419921875,59.81345955359026,0.0,3072.0,6851.539197508834,1251.0,0.0
53.60662841796875,63.47048755553034,20.0,3072.0,5628.159412721001,1645.5,0.0
67.33056640625,79.53498719283937,20.0,3072.0,5553.798970074448,1758.0,0.0
93.009521484375,79.21052815547603,108.0,3072.0,3944.909457135867,1557.0,0.0
55.03997802734375,62.600807771872425,34.0,3072.0,5296.365864911524,1780.5,0.0
35.3853759765625,57.267666411475716,0.0,3072.0,7613.337884922749,568.5,0.0
55.71710205078125,74.09460331054092,0.0,3072.0,6708.638610031099,1279.5,0.0
63.00140380859375,71.54892533288701,42.0,3072.0,5341.550652666321,1696.5,0.0
76.429443359375,73.38326722406964,71.0,3072.0,5014.164474266874,1305.0,0.0
78.27728271484375,78.5247924159244,74.0,3072.0,4821.014234577617,1921.5,0.0
50.40826416015625,75.73614803193635,0.0,3072.0,7351.508569674663,1209.0,0.0
34.374267578125,61.13948645239651,0.0,3072.0,8366.129414191488,744.0,0.0
19.53094482421875,42.92619647925572,0.0,3072.0,9287.278920652701,352.5,0.0
34.59686279296875,62.889569225778814,0.0,3072.0,8619.639616886543,442.5,0.0
38.912109375,53.83555908247273,0.0,3072.0,6811.650295633211,799.5,0.0
49.72119140625,72.85178426673005,0.0,3072.0,7213.502885214644,1386.0,0.0
37.4429931640625,52.78917913563732,0.0,3072.0,7043.085438925187,403.5,0.0
39.66162109375,54.48566662783771,0.0,3072.0,6920.116003362949,378.0,0.0
44.126220703125,54.182626528739384,2.0,3072.0,6105.9639595235085,445.5,0.0
32.93310546875,60.14082527672395,0.0,3072.0,8524.876839286302,630.0,0.0
40.68292236328125,67.4696255903324,0.0,3072.0,8127.042566333709,706.5,0.0
57.08551025390625,68.24022258553836,0.0,3072.0,6282.355917567867,798.0,0.0
40.0672607421875,56.65655911574855,0.0,3072.0,6819.374412290324,960.0,0.0
42.256591796875,55.03907264021705,0.0,3072.0,6125.712683027175,1389.0,0.0
41.93157958984375,65.46737314926759,0.0,3072.0,7301.70087205714,1270.5,0.0
40.56671142578125,59.02963551405013,0.0,3072.0,6975.218867533836,1210.5,0.0
40.50396728515625,74.76340683022819,0.0,3072.0,8511.12682757107,961.5,0.0
46.33502197265625,77.65984337778072,0.0,3072.0,8032.027857272408,742.5,0.0
71.798095703125,79.23927329864334,68.0,3072.0,5342.215305938164,1338.0,0.0
57.276611328125,57.83124505938348,59.0,3072.0,4998.214618741376,1362.0,0.0
47.12945556640625,66.63900772177693,0.0,3072.0,6752.842568133808,1408.5,0.0
72.40167236328125,79.61033549246437,60.0,3072.0,5314.253381238045,1609.5,0.0
35.29290771484375,56.167998679640114,0.0,3072.0,7914.233625247614,406.5,0.0
72.20050048828125,73.64318285555811,69.0,3072.0,4819.2309682147425,1653.0,0.0
77.35028076171875,77.81965279103265,76.0,3072.0,4584.455229359319,1864.5,0.0
44.3717041015625,68.80567805879973,0.0,3072.0,7510.901427258915,1095.0,0.0
53.39105224609375,73.63235267108546,0.0,3072.0,6900.488053391586,1080.0,0.0
51.208251953125,67.72938790227036,0.0,3072.0,6364.499469714802,1368.0,0.0
66.1378173828125,77.45601574771078,5.0,3072.0,5717.222599304666,1407.0,0.0
26.58599853515625,50.03594217685311,0.0,3072.0,8777.990644219211,435.0,0.0
33.6978759765625,56.62661383065409,0.0,3072.0,8036.268233763729,445.5,0.0
40.45709228515625,61.7660448912356,0.0,3072.0,7494.793042506244,708.0,0.0
43.52642822265625,61.18016414772681,0.0,3072.0,6909.986930161301,1110.0,0.0
52.5135498046875,55.72784831770865,50.0,3072.0,5365.629471459989,1440.0,0.0
40.53302001953125,58.304672392221256,0.0,3072.0,7127.7814833929915,1030.5,0.0
54.441650390625,67.00624452455176,0.0,3072.0,6083.446165620273,1261.5,0.0
49.969970703125,61.15608893213908,0.0,3072.0,6225.152799329508,795.0,0.0
32.185791015625,46.772163532417444,0.0,3072.0,7397.098333130363,249.0,0.0
74.1622314453125,71.09239043549705,69.0,3072.0,4451.229464990543,1180.5,0.0
92.495849609375,68.05509678631402,108.0,3072.0,3610.3304904122006,1185.0,0.0
45.7269287109375,56.63534580950058,0.0,3072.0,6067.127213517119,1149.0,0.0
60.50885009765625,64.07041048565844,55.0,3072.0,4961.968825476436,1693.5,0.0
67.000732421875,63.44151772568622,65.0,3072.0,3939.241757622906,1729.5,0.0
60.60748291015625,76.59025833000459,2.0,3072.0,5815.455603389987,1411.5,0.0
41.0845947265625,62.51070062289376,0.0,3072.0,7434.927378596243,1089.0,0.0
31.99383544921875,59.1652382202461,0.0,3072.0,8290.783806432297,850.5,0.0
52.52899169921875,59.15698266441535,33.5,3072.0,5585.911687003295,1416.0,0.0
35.20465087890625,52.751677025976335,0.0,3072.0,7300.709725773241,496.5,0.0
44.03607177734375,54.65796394449164,0.0,3072.0,6024.803264422831,1420.5,0.0
66.2176513671875,73.68842597058908,42.0,3072.0,5301.404589823343,1471.5,0.0
71.97308349609375,77.98754514578016,56.0,3072.0,4902.3465299792915,1900.5,0.0
32.9432373046875,55.170366692675096,0.0,3072.0,7899.354198287351,468.0,0.0
55.4036865234375,79.61023215364959,0.0,3072.0,6941.349553581062,1201.5,0.0
115.51446533203125,72.2727794480924,117.0,3072.0,2225.7240394981586,2577.0,0.0
113.5211181640625,62.853938587930465,119.0,3072.0,2096.7845919407173,2562.0,0.0
44.333251953125,52.897090656969745,11.0,3072.0,5986.813822894445,610.5,0.0
52.04168701171875,70.47224238148723,0.0,3072.0,6903.070403813074,1107.0,0.0
113.8861083984375,62.53750118984833,130.0,3072.0,3516.911944447856,1668.0,0.0
80.6524658203125,87.01070194074124,78.5,3072.0,5531.155880555167,1117.5,0.0
43.646484375,58.97582224700808,0.0,3072.0,6737.063520184443,1356.0,0.0
55.75115966796875,66.00109237135254,1.0,3072.0,5899.523646024312,1498.5,0.0
47.96929931640625,66.30392187497797,0.0,3072.0,6961.9095710157,1194.0,0.0
57.57470703125,70.53155831035924,0.0,3072.0,6152.08025792902,1183.5,0.0
51.66607666015625,67.95351216827493,0.0,3072.0,6775.92778702666,1020.0,0.0
66.64202880859375,75.95122589225456,57.0,3072.0,5354.902625165093,2206.5,0.0
43.16619873046875,63.21439487403628,0.0,3072.0,7405.075084021769,979.5,0.0
60.50250244140625,69.4129426688476,34.0,3072.0,5414.5009465323765,1723.5,0.0
113.22601318359375,69.90305441241729,121.0,3072.0,2717.9043857354513,2140.5,0.0
54.4010009765625,65.70534582285654,0.0,3072.0,5945.046246666211,1434.0,0.0
42.83160400390625,69.25650000318268,0.0,3072.0,7741.965448127497,955.5,0.0
39.465087890625,53.42629864227325,0.0,3072.0,6894.985406075926,726.0,0.0
44.04241943359375,59.49876877916202,0.0,3072.0,6742.09470417021,955.5,0.0
53.181884765625,70.08767788820056,0.0,3072.0,6519.045645261275,837.0,0.0
39.4049072265625,54.59922554414751,0.0,3072.0,6826.420896047943,586.5,0.0
41.5821533203125,65.4440107557652,0.0,3072.0,7648.0599010468,976.5,0.0
35.0299072265625,58.389533364588225,0.0,3072.0,8124.361421059504,1038.0,0.0
72.13116455078125,82.18085358380601,12.0,3072.0,5766.435467426996,882.0,0.0
43.2864990234375,59.6889925234613,0.0,3072.0,6526.548695520474,1401.0,0.0
67.32196044921875,71.03271360791656,64.0,3072.0,5536.172233592449,1081.5,0.0
27.81207275390625,50.14373041032604,0.0,3072.0,8412.014911720022,312.0,0.0
33.6221923828125,54.99114329149702,0.0,3072.0,7879.671400191762,399.0,0.0
32.518798828125,54.07218810522535,0.0,3072.0,8052.134336621564,384.0,0.0
58.11248779296875,76.99363451717552,0.0,3072.0,6275.992202433014,1120.5,0.0
72.5384521484375,83.9844584938344,26.0,3072.0,5512.184684859534,1714.5,0.0
71.83795166015625,82.07662538252417,52.0,3072.0,5372.9425248182215,1345.5,1.0
77.2352294921875,82.04685172523992,71.0,3072.0,4815.312139415263,1162.5,1.0
68.73907470703125,87.31617812539142,0.0,3072.0,6395.243183413747,1372.5,1.0
87.689453125,78.13862847437993,98.0,3072.0,4206.447996825826,1636.5,1.0
55.82037353515625,76.28290000044348,0.0,3072.0,6580.398107257645,1072.5,1.0
108.4256591796875,70.80762195525324,114.0,3072.0,2859.3332701873,2214.0,1.0
38.3416748046875,54.04533534891128,0.0,3072.0,6983.029491202225,399.0,1.0
111.010986328125,73.92409850811909,124.0,3072.0,3425.271595070966,1780.5,1.0
81.586669921875,85.63154233699252,76.0,3072.0,5040.350322646234,1276.5,1.0
94.4642333984375,75.38246030949583,108.0,3072.0,3650.1016766660077,1944.0,1.0
75.95635986328125,72.82323628149963,75.0,3072.0,4445.9593874663315,1375.5,1.0
82.5728759765625,66.27618465904044,82.0,3072.0,3606.357511395674,1836.0,1.0
43.51300048828125,66.1869841585408,0.0,3072.0,7492.070333025445,382.5,1.0
68.462158203125,79.16030054425148,17.0,3072.0,5830.586923715313,825.0,1.0
72.90240478515625,67.8229996845406,72.0,3072.0,4185.7387788776305,1488.0,1.0
70.48822021484375,79.94666027525071,4.0,3072.0,5969.381312162928,985.5,1.0
61.448974609375,68.47037833187072,5.0,3072.0,5922.564847682125,1066.5,1.0
67.97528076171875,79.34893726147607,58.0,3072.0,5503.344744335031,1267.5,1.0
51.50897216796875,67.07883503706583,0.0,3072.0,6405.009221304837,1135.5,1.0
52.2662353515625,71.03382978011086,0.0,3072.0,6379.754903207489,1161.0,1.0
90.81317138671875,73.23624730812121,96.0,3072.0,3401.596206194968,2154.0,1.0
60.07342529296875,78.07789856278318,0.0,3072.0,6523.814116373948,1407.0,1.0
62.03631591796875,75.49821960857261,33.0,3072.0,5623.736358063027,1438.5,1.0
51.29669189453125,58.889161967713235,10.5,3072.0,5822.00860957797,576.0,1.0
107.9208984375,82.32664799736396,115.0,3072.0,3113.299054058251,1902.0,1.0
65.3939208984375,75.37480389146852,32.0,3072.0,5683.229407651956,844.5,1.0
88.72161865234375,87.35397947933487,76.0,3072.0,4049.0072394353656,2169.0,1.0
58.941162109375,81.28099667166099,0.0,3072.0,6798.026974792024,852.0,1.0
50.58551025390625,71.36328978141468,0.0,3072.0,6715.040804045795,1122.0,1.0
57.323486328125,69.45545883419786,41.5,3072.0,5671.967614946334,1161.0,1.0
87.87322998046875,64.49848295035554,77.0,3072.0,3124.7257479657314,1858.5,1.0
78.75628662109375,68.94119005578939,76.0,3072.0,3917.206992871324,1719.0,1.0
66.6663818359375,71.37158812509873,51.0,3072.0,4487.931065647065,2065.5,1.0
102.4547119140625,72.1738362999702,101.0,3072.0,1656.6279380114293,2892.0,1.0
55.80914306640625,65.09301215449891,33.0,3072.0,5354.793168274569,1930.5,1.0
72.33074951171875,75.19401527630892,73.0,3072.0,5467.84237611144,1282.5,1.0
92.532470703125,79.03786622382931,106.0,3072.0,3897.2896832285896,1882.5,1.0
80.5247802734375,79.86457345998826,71.0,3072.0,4499.345952469092,1864.5,1.0
88.33673095703125,77.68820443199886,71.0,3072.0,3056.551733571673,2281.5,1.0
63.80352783203125,70.60248299621043,57.0,3072.0,5347.304028667157,1081.5,1.0
86.23736572265625,90.83087199524208,67.0,3072.0,5119.799837395989,1803.0,1.0
78.11773681640625,74.79724705395685,73.0,3072.0,4353.829908827399,1255.5,1.0
106.20947265625,66.03003498878633,131.0,3072.0,4233.703963434383,1267.5,1.0
63.6357421875,72.50049421865452,6.0,3072.0,5978.871674488423,690.0,1.0
55.84320068359375,68.07559318944983,13.0,3072.0,5730.837995005617,1047.0,1.0
69.845947265625,65.71289648043816,70.0,3072.0,4403.6423560502735,1800.0,1.0
64.888427734375,74.53470086919779,37.5,3072.0,5316.933820351726,1675.5,1.0
72.1993408203125,75.27469265984573,64.0,3072.0,4652.999153771683,1876.5,1.0
63.72137451171875,78.04263747358475,0.0,3072.0,6033.513248928853,1395.0,1.0
53.94903564453125,70.40246780784928,0.0,3072.0,6279.309864547218,1573.5,1.0
45.19500732421875,53.05847624407169,44.0,3072.0,5660.537640100983,1108.5,1.0
42.32928466796875,67.00938441322582,0.0,3072.0,7457.408137214967,928.5,1.0
79.41265869140625,72.62283212268198,78.0,3072.0,4104.075246020716,1554.0,1.0
47.46441650390625,77.18461424531199,0.0,3072.0,7907.340308219952,949.5,1.0
24.7044677734375,48.94443836070908,0.0,3072.0,8755.193544405514,666.0,1.0
76.60272216796875,80.2341738368459,70.0,3072.0,5308.117144995954,1510.5,1.0
62.43914794921875,75.54631080552373,0.0,3072.0,6102.55952449462,1588.5,1.0
66.2188720703125,64.48897635704367,69.0,3072.0,4529.600396282215,1195.5,1.0
62.23541259765625,64.73537866822917,63.5,3072.0,5075.475039343608,793.5,1.0
46.83221435546875,72.85444479773409,0.0,3072.0,7303.51840724729,1081.5,1.0
79.028076171875,86.66802679176776,58.0,3072.0,4930.84110472037,1867.5,1.0
71.271484375,74.74281442354764,72.0,3072.0,5359.923891717121,1182.0,1.0
55.3880615234375,73.0927014945381,0.0,3072.0,6533.501014004666,940.5,1.0
64.59613037109375,69.1851898197661,64.0,3072.0,5084.532500633662,1842.0,1.0
86.74365234375,82.43747162113468,77.0,3072.0,4132.486524478936,1180.5,1.0
49.54791259765625,62.75532631378928,0.0,3072.0,6260.596507122944,603.0,1.0
79.17950439453125,65.92634452693447,76.0,3072.0,3638.6809423196205,1323.0,1.0
80.82177734375,68.57979979417992,74.0,3072.0,3502.7036343373384,1615.5,1.0
51.231689453125,65.7381309590522,0.0,3072.0,6540.1790686494205,577.5,1.0
57.56884765625,58.11919511706022,58.0,3072.0,4800.453025496656,696.0,1.0
36.9945068359375,55.366429342566974,0.0,3072.0,7436.828457077654,765.0,1.0
72.426025390625,87.93403731424009,0.0,3072.0,6236.859846910142,1246.5,1.0
49.99871826171875,55.51350690634434,50.0,3072.0,5322.8319530114795,1152.0,1.0
64.75836181640625,91.33208407881447,0.0,3072.0,7264.214195286369,570.0,1.0
79.11737060546875,63.931277235827636,76.0,3072.0,3184.717785770036,1690.5,1.0
87.224609375,74.06269178405911,73.0,3072.0,2927.5838587476874,2104.5,1.0
69.91302490234375,73.17236424324192,66.0,3072.0,4801.5227272189395,2121.0,1.0
73.3480224609375,72.57850745657764,73.0,3072.0,4832.678993063785,1449.0,1.0
57.5709228515625,78.5707127906174,0.0,3072.0,6589.002826680226,1423.5,1.0
73.89007568359375,68.96330679942102,76.0,3072.0,4464.031879926486,1294.5,1.0
82.40704345703125,78.88127096393545,82.0,3072.0,4368.1603250109765,1746.0,1.0
86.1795654296875,72.35468908525313,83.0,3072.0,3519.0501914579168,2298.0,1.0
65.75982666015625,70.11268479532241,64.0,3072.0,5000.109998790027,1465.5,1.0
43.13824462890625,59.55439176386562,0.0,3072.0,6884.540752657363,753.0,1.0
67.73651123046875,67.16493331001993,67.0,3072.0,5020.376641747111,1425.0,1.0
63.499755859375,70.32120258601613,60.0,3072.0,5301.324692942321,1630.5,1.0
53.02410888671875,71.25793518937374,0.0,3072.0,6820.357074596608,1246.5,1.0
57.84869384765625,73.06077404200035,0.0,3072.0,6294.355507119057,976.5,1.0
86.52081298828125,95.44855072944151,44.0,3072.0,5559.106852723736,1261.5,1.0
60.27099609375,83.58088641437398,0.0,3072.0,6904.231963078877,982.5,1.0
81.98260498046875,100.25298871232289,0.0,3072.0,6185.181292815919,1027.5,1.0
54.61273193359375,85.27697498392861,0.0,3072.0,7521.363174318868,975.0,1.0
41.1934814453125,68.24512088707337,0.0,3072.0,7712.40050178931,1231.5,1.0
44.583740234375,71.95341133408624,0.0,3072.0,7643.509231694562,1030.5,1.0
44.94793701171875,68.02664227686667,0.0,3072.0,7127.1404942655645,1176.0,1.0
54.67584228515625,70.71099118809785,0.0,3072.0,7105.536257032259,372.0,1.0
62.4293212890625,73.02189168102994,52.0,3072.0,5284.826558175774,1507.5,1.0
84.8553466796875,73.97626472328209,91.0,3072.0,3836.5009448715114,1647.0,1.0
55.3218994140625,69.24546267080457,0.0,3072.0,6240.954464262658,1354.5,1.0
85.0843505859375,76.79185887241051,94.0,3072.0,4052.5049197996045,1837.5,1.0
103.89703369140625,95.44116804913813,106.0,3072.0,4256.435612692855,1788.0,1.0
83.92388916015625,76.52904964815788,70.0,3072.0,4011.4654273718975,1782.0,1.0
71.76080322265625,73.26676612088092,67.0,3072.0,4525.245808240697,1855.5,1.0
43.51910400390625,62.26189215032416,0.0,3072.0,7106.835846563505,901.5,1.0
51.39385986328125,65.92260061148038,0.0,3072.0,6401.669889567877,1095.0,1.0
52.86285400390625,66.66881951970903,0.0,3072.0,6368.905675231813,1333.5,1.0
65.9061279296875,73.75790792181652,48.0,3072.0,5406.507745301027,1542.0,1.0
60.4774169921875,67.97931295627927,52.0,3072.0,5085.959754559605,1258.5,1.0
67.5433349609375,74.02307644708193,54.5,3072.0,5721.594128824589,1033.5,1.0
68.83648681640625,81.88009173850968,0.0,3072.0,6194.587032240325,1225.5,1.0
67.5313720703125,81.7830291658557,19.0,3072.0,5551.594129166865,1692.0,1.0
86.06756591796875,75.93755875629833,82.0,3072.0,3776.2780783464555,1939.5,1.0
81.30419921875,77.07648182000379,70.0,3072.0,4055.547866811585,1854.0,1.0
44.00390625,70.60481673281238,0.0,3072.0,7639.409286718444,1084.5,1.0
76.43548583984375,83.59330016253554,60.0,3072.0,5038.348278453962,1794.0,1.0
85.453125,67.98612295931474,91.0,3072.0,3092.8863339928935,2284.5,1.0
79.93988037109375,83.93793257395834,71.0,3072.0,4933.002977396223,1306.5,1.0
63.453125,62.5549124004637,65.0,3072.0,4953.470715064338,565.5,1.0
62.55804443359375,78.25178025620633,0.0,3072.0,6124.07199092238,1447.5,1.0
37.41937255859375,58.47643646192888,0.0,3072.0,8172.397360933938,274.5,1.0
66.028076171875,72.49117128901679,52.0,3072.0,5553.2410806663165,1479.0,1.0
82.68096923828125,78.6850416560113,75.0,3072.0,3689.7050186972942,2172.0,1.0
55.34661865234375,70.19448540165257,0.0,3072.0,6521.563577854624,1173.0,1.0
70.9222412109375,60.49767302033534,71.0,3072.0,3542.2073626483248,2580.0,1.0
48.39105224609375,63.62029521618657,0.0,3072.0,6490.485613573148,1422.0,1.0
32.59051513671875,55.16133108127887,0.0,3072.0,7979.180315044898,724.5,1.0
58.4249267578125,70.68984149211386,0.0,3072.0,5948.382153997842,1263.0,1.0
76.40338134765625,76.5729867868625,79.0,3072.0,4773.760192447878,1561.5,1.0
28.518798828125,58.56589869842399,0.0,3072.0,9276.16682013643,300.0,1.0
63.4525146484375,72.58577775870904,0.0,3072.0,6311.434712092014,861.0,1.0
75.217529296875,77.33674476071958,78.0,3072.0,4966.76433908435,1381.5,1.0
39.64691162109375,59.842945482377765,0.0,3072.0,7411.918020998343,438.0,1.0
52.93255615234375,67.11060756041621,0.0,3072.0,6365.025667662308,1065.0,1.0
63.16259765625,72.38281327570314,15.5,3072.0,5641.093577490095,1621.5,1.0
88.63323974609375,75.42980245720229,107.0,3072.0,4107.519735193004,1657.5,1.0
75.0281982421875,84.32123539217308,33.0,3072.0,5666.083568038862,1069.5,1.0
45.78741455078125,56.320310096797556,0.0,3072.0,6259.51267072765,777.0,1.0
74.2373046875,80.75227257686957,62.0,3072.0,5312.074065278081,2017.5,1.0
75.1474609375,67.35662386662065,75.0,3072.0,4301.985617130768,1882.5,1.0
49.8994140625,74.0077429084205,0.0,3072.0,7293.619163350935,1087.5,1.0
104.3958740234375,75.56836575511073,111.0,3072.0,2573.305194686398,2544.0,1.0
88.80511474609375,86.8854081035466,76.0,3072.0,4011.4717374051133,1641.0,1.0
71.0780029296875,68.0489488742237,68.0,3072.0,4108.01996100311,1716.0,1.0
55.66912841796875,57.456409335279865,57.0,3072.0,5182.873141414904,982.5,1.0
69.500244140625,78.59668545672996,44.0,3072.0,5329.6905046165675,1827.0,1.0
54.60125732421875,71.84902554359152,0.0,3072.0,6705.002852348387,1156.5,1.0
46.59710693359375,55.313810621207075,1.0,3072.0,5971.053487450938,435.0,1.0
40.26861572265625,59.396053433411176,0.0,3072.0,7366.739840322854,766.5,1.0
74.101806640625,79.04147223245243,66.0,3072.0,4838.47118158205,1968.0,1.0
66.121337890625,61.91175753806571,61.0,3072.0,3732.797844780775,2443.5,1.0
46.55108642578125,65.29483596018697,0.0,3072.0,6944.954562486352,1282.5,1.0
106.237060546875,75.33129921978556,115.0,3072.0,2760.496015211759,2370.0,1.0
49.0357666015625,63.36574944851586,0.0,3072.0,6647.159327487194,735.0,1.0
65.43243408203125,70.39313917737414,55.0,3072.0,4625.375565832465,1960.5,1.0
54.4345703125,65.71981425382725,0.0,3072.0,6232.916412081908,1348.5,1.0
64.55499267578125,77.79084257607855,0.0,3072.0,6296.400668238958,615.0,1.0
55.42620849609375,66.94669363896138,42.0,3072.0,5474.317149197697,1435.5,1.0
62.5079345703125,67.49973640379388,59.0,3072.0,4744.0481526856365,1618.5,1.0
81.156005859375,67.73813663188072,81.0,3072.0,3858.4346081020994,1846.5,1.0
54.72857666015625,74.93066863002922,0.0,3072.0,6437.531931959639,1314.0,1.0
55.158935546875,65.56617347191883,53.0,3072.0,5477.272233968291,1033.5,1.0
86.67205810546875,85.14329351268971,100.0,3072.0,5026.265997238905,2166.0,1.0
50.2589111328125,62.27544802680562,0.0,3072.0,6149.934969168373,957.0,1.0
46.85223388671875,62.64131838634682,0.0,3072.0,6656.588484351425,705.0,1.0
86.81103515625,75.77697191727768,91.0,3072.0,4018.5949036945735,2065.5,1.0
68.77508544921875,84.61314128775486,0.0,3072.0,6237.675017584677,1029.0,1.0
68.70159912109375,66.8233107950128,66.0,3072.0,4382.899511168377,1576.5,1.0
92.1236572265625,68.73347878126565,94.0,3072.0,3026.643004221013,1993.5,1.0
59.015625,59.090931276970814,60.0,3072.0,4583.167954592107,1129.5,1.0
88.24591064453125,80.23589040758428,97.0,3072.0,4458.898420574302,1611.0,1.0
43.7188720703125,63.14172075343162,0.0,3072.0,7146.905641604624,973.5,1.0
66.50152587890625,99.16441362852342,0.0,3072.0,7645.263165843279,748.5,1.0
58.17669677734375,87.05997178908827,0.0,3072.0,7330.257976360723,847.5,1.0
42.9278564453125,57.54035646792566,0.0,3072.0,6436.056207026163,760.5,1.0
51.2264404296875,78.75426184602006,0.0,3072.0,7612.35140249056,679.5,1.0
68.58953857421875,74.46734216587816,64.0,3072.0,5577.805818599281,1221.0,1.0
93.82568359375,69.05493283996951,98.0,3072.0,3020.2998195543437,1921.5,1.0
30.17364501953125,54.93750721029678,0.0,3072.0,8686.9813154513,382.5,1.0
46.50592041015625,59.06861917794734,0.0,3072.0,6574.937784876751,412.5,1.0
61.46185302734375,70.89576921551836,1.0,3072.0,5884.860172510474,904.5,1.0
79.56414794921875,69.32097355273095,69.0,3072.0,2721.044032168535,2911.5,1.0
46.6673583984375,60.27607136544658,0.0,3072.0,6456.984735540266,1200.0,1.0
32.392822265625,63.10865921885842,0.0,3072.0,8696.76560567203,831.0,1.0
66.26287841796875,68.18145362969655,62.0,3072.0,5011.839744544911,1564.5,1.0
64.38604736328125,76.331938896218,17.0,3072.0,5615.58672357573,1753.5,1.0
47.75347900390625,63.09204125933459,0.0,3072.0,6493.15461659431,1144.5,1.0
83.7677001953125,77.3224054618719,82.0,3072.0,3689.3493328770046,2331.0,1.0
46.1290283203125,63.53490503145983,0.0,3072.0,6725.10484119021,1314.0,1.0
60.4412841796875,75.37355761933115,0.0,3072.0,6044.812124872038,1453.5,1.0
32.81707763671875,61.18326980281849,0.0,3072.0,8627.902924523432,805.5,1.0
61.2548828125,77.16410228994327,0.0,3072.0,5917.635549778306,1614.0,1.0
55.63702392578125,65.74534555940073,0.0,3072.0,6005.6583319399715,1252.5,1.0
57.50933837890625,69.33960006665782,1.0,3072.0,5756.008871171065,1764.0,1.0
89.748046875,72.43556704505342,78.0,3072.0,1949.3961565059062,2712.0,1.0
48.58221435546875,71.91262485716003,0.0,3072.0,7427.804546095704,532.5,1.0
58.1761474609375,70.85621187400936,0.0,3072.0,6484.256848321171,784.5,1.0
61.58807373046875,65.76963363770787,53.0,3072.0,5205.122873189451,1668.0,1.0
67.7181396484375,67.6433285369853,64.0,3072.0,4429.388374821066,1819.5,1.0
58.836181640625,71.41372461200434,0.0,3072.0,5938.871957282797,1264.5,1.0
47.69921875,60.99132726333125,0.0,3072.0,6244.291102679311,970.5,1.0
98.45599365234375,80.11015223537989,112.0,3072.0,3772.4124741337605,1059.0,1.0
93.80755615234375,72.63155587768415,109.0,3072.0,3494.514880494859,1746.0,1.0
58.59014892578125,76.65311237544798,0.0,3072.0,6344.228321868626,1014.0,1.0
55.982177734375,67.58771463566093,0.0,3072.0,5950.455665325136,1377.0,1.0
26.4080810546875,52.546857327246435,0.0,3072.0,8853.689485180741,444.0,1.0
78.4229736328125,89.6710019916626,0.0,3072.0,5960.006082211662,1639.5,1.0
63.3045654296875,77.22206028958169,0.0,3072.0,6042.794634935064,1189.5,1.0
55.7752685546875,71.40919994368933,0.0,3072.0,6816.174706167676,646.5,1.0
74.9217529296875,80.18286202641778,66.0,3072.0,5656.128269408324,1374.0,1.0
50.5252685546875,62.29286650146142,0.0,3072.0,5963.720818415295,1470.0,1.0
55.2628173828125,67.24159355328956,0.0,3072.0,5964.581429153264,1390.5,1.0
28.96533203125,57.48146371813106,0.0,3072.0,8960.062576511395,526.5,1.0
94.40386962890625,74.08257845033602,104.0,3072.0,3503.207369682817,2031.0,1.0
59.308349609375,69.2536374313402,48.0,3072.0,5570.692136081476,1669.5,1.0
31.8902587890625,59.81935936399005,0.0,3072.0,8671.542358485023,667.5,1.0
23.45458984375,52.151292767598505,0.0,3072.0,9336.201596473804,490.5,1.0
29.0947265625,58.629426109931515,0.0,3072.0,9006.06620561941,445.5,1.0
34.84478759765625,64.44204748312386,0.0,3072.0,8554.492109412458,634.5,1.0
74.1375732421875,77.78180003929604,76.0,3072.0,5224.625859810442,1068.0,1.0
67.53021240234375,68.78131080545786,68.0,3072.0,5315.141684376815,1273.5,1.0
64.9022216796875,80.63173927106273,0.0,3072.0,5997.67651886962,1596.0,1.0
75.7239990234375,82.58466592604941,57.0,3072.0,5106.886967615398,1959.0,1.0
79.52783203125,72.44441367720692,83.0,3072.0,4677.644599582144,882.0,1.0
66.63140869140625,79.18210871247533,11.0,3072.0,5661.742399650482,1650.0,1.0
71.8536376953125,73.75166056095037,74.0,3072.0,5008.887002119333,1395.0,1.0
73.80328369140625,72.96232363603639,79.0,3072.0,5139.744144896708,1071.0,1.0
86.9046630859375,73.71077606787944,89.0,3072.0,3321.0860422458195,2527.5,1.0
75.0111083984375,78.29909273726282,70.0,3072.0,5049.84473771224,1756.5,1.0
76.6856689453125,76.00158416505168,75.0,3072.0,4631.584056777983,1776.0,1.0
49.8043212890625,66.93549334555172,0.0,3072.0,6839.238362200867,1134.0,1.0
65.6402587890625,74.94422636703472,56.0,3072.0,5355.1170155282325,1801.5,1.0
58.93634033203125,74.45003953263905,0.0,3072.0,6646.669090604707,561.0,1.0
63.4716796875,90.59624842251105,0.0,3072.0,7217.863465042824,1137.0,1.0
64.66839599609375,59.04939679564157,68.0,3072.0,4690.943455212395,1407.0,1.0
73.093017578125,80.80302922121119,58.0,3072.0,5202.403422938287,1828.5,1.0
53.67083740234375,66.13875343687333,0.0,3072.0,5931.706331233871,1695.0,1.0
52.635498046875,71.94893496653273,0.0,3072.0,6804.784924962728,1296.0,1.0
45.90228271484375,66.58939476214822,0.0,3072.0,7266.310196722956,1389.0,1.0
60.18414306640625,84.68890949601408,0.0,3072.0,7064.268353835378,1107.0,1.0
63.47796630859375,73.44088508065862,10.0,3072.0,5712.3515516816715,1248.0,1.0
58.98260498046875,71.7562972087643,0.0,3072.0,6143.770106782968,1068.0,1.0
68.21185302734375,80.82484153050672,0.0,3072.0,6017.194331663221,1714.5,1.0
60.03509521484375,63.15208017736422,62.0,3072.0,5402.462875855789,504.0,1.0
68.360107421875,74.84282985073844,61.0,3072.0,5747.035507546478,972.0,1.0
47.85089111328125,66.98017554801007,0.0,3072.0,6779.665229567017,1128.0,1.0
65.200927734375,75.71196758288693,0.0,3072.0,6186.663488909026,864.0,1.0
98.3289794921875,82.47062790961532,119.0,3072.0,4087.1087427422335,1438.5,1.0
47.21820068359375,61.732425765581944,0.0,3072.0,6156.924912243124,886.5,1.0
35.87762451171875,59.38680784991856,0.0,3072.0,8131.758781161674,613.5,1.0
52.46783447265625,73.40153085583715,0.0,3072.0,6851.19084539323,1354.5,1.0
55.2962646484375,68.1336200517751,0.0,3072.0,6059.866242335716,1326.0,1.0
39.908447265625,51.679766434474416,0.0,3072.0,6449.14415833605,510.0,1.0
67.3553466796875,76.80630790381322,51.5,3072.0,5297.145776264799,1840.5,1.0
45.1708984375,69.72486101056646,0.0,3072.0,7465.934737191318,612.0,1.0
76.85107421875,78.25959913802582,71.0,3072.0,4852.615454577047,1863.0,1.0
56.66851806640625,67.05088705734563,0.0,3072.0,6450.503526857419,703.5,1.0
80.84521484375,76.49614290567878,82.0,3072.0,4693.104849137722,1573.5,1.0
54.35699462890625,61.80189066759073,40.0,3072.0,5473.781473990352,1521.0,1.0
72.9212646484375,95.71598460522432,0.0,3072.0,6614.385260551429,1030.5,1.0
51.14434814453125,69.0838492244878,0.0,3072.0,6648.770346838579,1128.0,1.0
46.0457763671875,55.079928864368505,3.0,3072.0,6019.902179437802,474.0,1.0
41.245849609375,64.12737555267842,0.0,3072.0,7679.309588107514,640.5,1.0
